-- phpMyAdmin SQL Dump
-- version 4.8.4
-- https://www.phpmyadmin.net/
--
-- Host: 127.0.0.1
-- Generation Time: Jan 21, 2019 at 02:07 PM
-- Server version: 10.1.37-MariaDB
-- PHP Version: 7.3.0

SET SQL_MODE = "NO_AUTO_VALUE_ON_ZERO";
SET AUTOCOMMIT = 0;
START TRANSACTION;
SET time_zone = "+00:00";


/*!40101 SET @OLD_CHARACTER_SET_CLIENT=@@CHARACTER_SET_CLIENT */;
/*!40101 SET @OLD_CHARACTER_SET_RESULTS=@@CHARACTER_SET_RESULTS */;
/*!40101 SET @OLD_COLLATION_CONNECTION=@@COLLATION_CONNECTION */;
/*!40101 SET NAMES utf8mb4 */;

--
-- Database: `eapi`
--

-- --------------------------------------------------------

--
-- Table structure for table `migrations`
--

CREATE TABLE `migrations` (
  `id` int(10) UNSIGNED NOT NULL,
  `migration` varchar(191) COLLATE utf8mb4_unicode_ci NOT NULL,
  `batch` int(11) NOT NULL
) ENGINE=InnoDB DEFAULT CHARSET=utf8mb4 COLLATE=utf8mb4_unicode_ci;

--
-- Dumping data for table `migrations`
--

INSERT INTO `migrations` (`id`, `migration`, `batch`) VALUES
(1, '2014_10_12_000000_create_users_table', 1),
(2, '2014_10_12_100000_create_password_resets_table', 1),
(3, '2019_01_21_093623_create_products_table', 1),
(4, '2019_01_21_094242_create_reviews_table', 1);

-- --------------------------------------------------------

--
-- Table structure for table `password_resets`
--

CREATE TABLE `password_resets` (
  `email` varchar(191) COLLATE utf8mb4_unicode_ci NOT NULL,
  `token` varchar(191) COLLATE utf8mb4_unicode_ci NOT NULL,
  `created_at` timestamp NULL DEFAULT NULL
) ENGINE=InnoDB DEFAULT CHARSET=utf8mb4 COLLATE=utf8mb4_unicode_ci;

-- --------------------------------------------------------

--
-- Table structure for table `products`
--

CREATE TABLE `products` (
  `id` int(10) UNSIGNED NOT NULL,
  `name` varchar(191) COLLATE utf8mb4_unicode_ci NOT NULL,
  `details` text COLLATE utf8mb4_unicode_ci NOT NULL,
  `price` int(11) NOT NULL,
  `stock` int(11) NOT NULL,
  `discount` int(11) NOT NULL,
  `created_at` timestamp NULL DEFAULT NULL,
  `updated_at` timestamp NULL DEFAULT NULL
) ENGINE=InnoDB DEFAULT CHARSET=utf8mb4 COLLATE=utf8mb4_unicode_ci;

--
-- Dumping data for table `products`
--

INSERT INTO `products` (`id`, `name`, `details`, `price`, `stock`, `discount`, `created_at`, `updated_at`) VALUES
(1, 'dolor', 'Possimus possimus ipsa labore et adipisci laboriosam molestiae quas. Ad dolorem fugit quae culpa sed tempore nobis. Est officiis odit vero consequuntur laboriosam rerum nostrum fugit.', 954, 3, 16, '2019-01-21 12:02:56', '2019-01-21 12:02:56'),
(2, 'repellendus', 'Et labore omnis quae atque. Iusto nesciunt enim fugit quam voluptas. Est sint eos impedit similique aut vero eum. Qui ut asperiores inventore nihil adipisci.', 365, 2, 5, '2019-01-21 12:02:56', '2019-01-21 12:02:56'),
(3, 'architecto', 'Similique voluptate mollitia hic molestiae ut sed. Similique ut rem error non distinctio. Omnis molestias dolores et ut aut.', 608, 2, 20, '2019-01-21 12:02:56', '2019-01-21 12:02:56'),
(4, 'et', 'Ratione iure quibusdam velit voluptatem et. Quis animi molestiae ut. Perferendis quam modi cumque in minima eos vitae.', 521, 1, 3, '2019-01-21 12:02:56', '2019-01-21 12:02:56'),
(5, 'accusamus', 'Voluptatem impedit dolor deserunt laudantium sed est. Aut culpa error aut maiores et qui voluptatem. Sapiente unde sunt nam eos.', 194, 8, 7, '2019-01-21 12:02:56', '2019-01-21 12:02:56'),
(6, 'necessitatibus', 'Est rem facilis illo repellendus deserunt ullam. Assumenda reprehenderit id non. Eum et expedita in voluptatibus pariatur numquam aut.', 597, 0, 16, '2019-01-21 12:02:57', '2019-01-21 12:02:57'),
(7, 'aut', 'Voluptas quia consequatur aut et nemo aut enim. Quia doloremque voluptas dolore ea et et culpa. Eum dolorem ut voluptate eligendi eum nam perspiciatis. Rem placeat eius eos et omnis molestiae assumenda sint.', 792, 0, 29, '2019-01-21 12:02:57', '2019-01-21 12:02:57'),
(8, 'ea', 'Harum consequatur quia et qui saepe neque. Omnis nemo praesentium neque culpa provident sint. Maiores veritatis suscipit perspiciatis nobis eos et harum.', 911, 2, 26, '2019-01-21 12:02:57', '2019-01-21 12:02:57'),
(9, 'animi', 'Saepe debitis voluptatem ex necessitatibus. Consequatur dicta quis dicta recusandae vero ut iusto. Ut ratione delectus non repellat minima rem.', 362, 5, 20, '2019-01-21 12:02:57', '2019-01-21 12:02:57'),
(10, 'corrupti', 'Quis quia omnis soluta sequi. Aut error porro explicabo ea eos. Harum et earum nisi.', 344, 6, 19, '2019-01-21 12:02:57', '2019-01-21 12:02:57'),
(11, 'possimus', 'Omnis enim aut magnam eum ullam id. Mollitia in quia aut fuga odio qui. Eum facilis est aperiam ipsum fugiat quibusdam.', 593, 0, 22, '2019-01-21 12:02:57', '2019-01-21 12:02:57'),
(12, 'at', 'Et enim voluptatum neque fuga magni. Et voluptatibus nostrum sed ad. Qui nulla libero harum magnam.', 807, 9, 25, '2019-01-21 12:02:57', '2019-01-21 12:02:57'),
(13, 'velit', 'Iste natus est voluptatibus error et. Soluta recusandae provident asperiores culpa. Et mollitia voluptatem error dolorem quod. Quia sint vel temporibus laudantium est qui.', 854, 6, 28, '2019-01-21 12:02:57', '2019-01-21 12:02:57'),
(14, 'ut', 'Sed iure velit magnam ut. Nesciunt quos consequatur sed est sunt. Sunt qui et natus non assumenda et qui.', 405, 9, 9, '2019-01-21 12:02:57', '2019-01-21 12:02:57'),
(15, 'et', 'Officia dolores repellat vero aut sint quia nihil. Quis ex illo recusandae quia tempore quis. Enim vero doloremque omnis amet dolorum.', 730, 8, 23, '2019-01-21 12:02:57', '2019-01-21 12:02:57'),
(16, 'delectus', 'Est perferendis deleniti laboriosam expedita saepe totam ratione explicabo. Ut aut voluptatibus aut fugit quae. Officia voluptatem sed qui maxime aut iste ratione enim.', 641, 2, 20, '2019-01-21 12:02:57', '2019-01-21 12:02:57'),
(17, 'nihil', 'Laudantium et autem eaque aspernatur iste quibusdam. Quo exercitationem ratione libero et nisi velit voluptates. Omnis quo doloribus illo porro aliquam. Asperiores sapiente nam voluptatem corporis vel rerum voluptates.', 694, 7, 17, '2019-01-21 12:02:57', '2019-01-21 12:02:57'),
(18, 'facere', 'Ut excepturi officia amet eum quo sunt asperiores. Commodi aut quibusdam vel. Nam ut sed culpa ad quia. Ab quia eum quae dolor amet explicabo quas quo.', 456, 8, 22, '2019-01-21 12:02:57', '2019-01-21 12:02:57'),
(19, 'cupiditate', 'Qui praesentium eligendi occaecati. At ullam ipsa eveniet eveniet. Recusandae possimus aliquam officiis quis minima necessitatibus.', 976, 3, 2, '2019-01-21 12:02:57', '2019-01-21 12:02:57'),
(20, 'nostrum', 'Est voluptate sint optio. Maiores sit quis sint amet consequatur eum dolorum. Perspiciatis eos ducimus architecto vero iste beatae voluptatem. Eaque sit ut commodi voluptas ipsam qui in.', 920, 4, 6, '2019-01-21 12:02:57', '2019-01-21 12:02:57'),
(21, 'dolores', 'Labore ut rem deserunt corrupti ut. A maiores magni qui. Exercitationem non sit sint reiciendis itaque rem assumenda.', 287, 7, 9, '2019-01-21 12:02:57', '2019-01-21 12:02:57'),
(22, 'ad', 'Consequatur modi animi ipsam et quod quasi rerum. Totam qui pariatur qui voluptas enim sit molestiae. Iure ea enim ut.', 150, 9, 3, '2019-01-21 12:02:57', '2019-01-21 12:02:57'),
(23, 'maxime', 'Quis minus qui voluptatem quas et. Doloribus qui reiciendis ut tempora praesentium. Autem quia iure saepe aut. Dolor quas natus maiores et facilis nihil.', 532, 9, 6, '2019-01-21 12:02:57', '2019-01-21 12:02:57'),
(24, 'ipsa', 'Vero est qui saepe repellendus. Eligendi labore quidem et fuga ut quis sint. Velit dolorem aut omnis dolorem amet non non.', 386, 5, 29, '2019-01-21 12:02:57', '2019-01-21 12:02:57'),
(25, 'qui', 'Rerum non voluptas aut aliquam molestiae unde. Corporis soluta sint ipsum. Voluptatibus voluptas rerum maiores suscipit suscipit qui.', 254, 7, 6, '2019-01-21 12:02:57', '2019-01-21 12:02:57'),
(26, 'rerum', 'Dolorem eaque temporibus corporis sint ex. Aut adipisci quisquam officia aspernatur exercitationem laborum natus. Architecto consequatur enim nulla aut vero illum.', 546, 4, 18, '2019-01-21 12:02:57', '2019-01-21 12:02:57'),
(27, 'dignissimos', 'Nulla dolore ut veritatis neque soluta velit modi. Reprehenderit adipisci ad ut suscipit dolorem. Enim veniam ea tempora.', 234, 6, 2, '2019-01-21 12:02:57', '2019-01-21 12:02:57'),
(28, 'aut', 'Iste exercitationem possimus quia et dolorem rerum. Et quae eligendi unde fugit. Molestiae est nostrum maiores ut qui sint. Et non culpa et iusto.', 776, 2, 23, '2019-01-21 12:02:57', '2019-01-21 12:02:57'),
(29, 'quod', 'Vel debitis in sed atque voluptas omnis. Dolor et doloremque sit. Minima corporis repellendus dolorum ut nemo. Quia adipisci quam rem aperiam.', 614, 8, 26, '2019-01-21 12:02:57', '2019-01-21 12:02:57'),
(30, 'non', 'Hic quis maiores distinctio repellat ut asperiores sequi. Libero autem et non voluptas autem excepturi ratione. Quam aliquid debitis voluptas ut dolor unde maiores aperiam.', 849, 6, 22, '2019-01-21 12:02:57', '2019-01-21 12:02:57'),
(31, 'cupiditate', 'Ab et sapiente in quia ipsam aut consequatur. Necessitatibus excepturi mollitia ea iste tempora architecto rerum. Nesciunt iusto aut ullam nostrum.', 404, 2, 10, '2019-01-21 12:02:57', '2019-01-21 12:02:57'),
(32, 'tenetur', 'Eveniet nulla cum cupiditate corrupti aliquid est. Ut doloremque quia et sunt. Autem quis qui quidem excepturi voluptatem et aut.', 420, 2, 11, '2019-01-21 12:02:57', '2019-01-21 12:02:57'),
(33, 'officia', 'Aliquam deserunt est possimus. Corporis expedita eum magni expedita ea dolore fuga. Et aspernatur cupiditate sed culpa vel dignissimos.', 756, 9, 3, '2019-01-21 12:02:58', '2019-01-21 12:02:58'),
(34, 'enim', 'Voluptatem vero quaerat non repellat et quia non. Dolorem id ab molestiae porro. Deserunt sed commodi qui nulla magnam aut dolorem saepe. Pariatur aut eos quae voluptatem.', 336, 4, 11, '2019-01-21 12:02:58', '2019-01-21 12:02:58'),
(35, 'culpa', 'Eveniet porro corporis consequatur repellat quia aut fugit ut. Ex qui veritatis laboriosam vel nesciunt quis fugit odit. Ipsa molestias qui id.', 324, 9, 4, '2019-01-21 12:02:58', '2019-01-21 12:02:58'),
(36, 'non', 'Sit fugiat modi neque quas ea ut voluptas. Eos aut commodi placeat dolor est sint suscipit. Quia et in voluptatem non soluta. Aut voluptatem velit eligendi tempora facere doloremque.', 936, 4, 30, '2019-01-21 12:02:58', '2019-01-21 12:02:58'),
(37, 'magni', 'Maiores libero dolores ex voluptates reprehenderit. Adipisci velit autem voluptas.', 559, 9, 5, '2019-01-21 12:02:58', '2019-01-21 12:02:58'),
(38, 'consequatur', 'Consequatur unde aspernatur voluptatum debitis. Iure similique minus aut sed. Aliquid maiores minus est dolor veritatis velit. Dolor sed in sit repellendus molestias fugit. Ullam quod enim quisquam in magnam perspiciatis alias.', 465, 2, 17, '2019-01-21 12:02:58', '2019-01-21 12:02:58'),
(39, 'vel', 'Ut vel quis sunt magnam. Sint officiis illum consequatur ut esse nemo est. Ratione dolor ad repudiandae magni neque ea.', 610, 6, 13, '2019-01-21 12:02:58', '2019-01-21 12:02:58'),
(40, 'magnam', 'Dolore tempore iusto et quidem quis. Iure deleniti maiores ut est cupiditate earum dolores. Dolorem reprehenderit exercitationem consequuntur. Magni sit beatae et tenetur consequuntur.', 238, 1, 14, '2019-01-21 12:02:58', '2019-01-21 12:02:58'),
(41, 'necessitatibus', 'Voluptas quia quam quisquam eos laboriosam velit minima deserunt. Minima omnis aliquam dignissimos quidem placeat voluptatem. Cum sequi molestias voluptatem cupiditate et.', 191, 9, 14, '2019-01-21 12:02:58', '2019-01-21 12:02:58'),
(42, 'et', 'Quo aspernatur aut qui earum debitis quam saepe. Autem omnis neque ad rerum quasi. Quod ut deserunt error inventore delectus nisi cumque quia.', 701, 5, 24, '2019-01-21 12:02:58', '2019-01-21 12:02:58'),
(43, 'adipisci', 'Ad ut porro dolorem deleniti. Eligendi earum ut deserunt incidunt nesciunt fugit iure. Consectetur quam minima error veniam inventore dolor officia voluptate. Quae ipsam et officiis illum qui eos.', 621, 8, 18, '2019-01-21 12:02:58', '2019-01-21 12:02:58'),
(44, 'eveniet', 'Iusto vero sed illum sunt voluptatum. Culpa repellendus est explicabo omnis enim. At consectetur suscipit voluptatem.', 150, 5, 6, '2019-01-21 12:02:58', '2019-01-21 12:02:58'),
(45, 'quisquam', 'Architecto non nihil cupiditate rerum unde non esse. Ducimus nulla voluptas ab aliquid dolorem. Ut recusandae autem quia voluptatem rerum aspernatur.', 254, 0, 7, '2019-01-21 12:02:58', '2019-01-21 12:02:58'),
(46, 'at', 'Blanditiis omnis facilis earum pariatur minus est et et. Tenetur doloremque asperiores quas voluptas. Explicabo aut aperiam omnis in est tempore cum.', 837, 3, 27, '2019-01-21 12:02:58', '2019-01-21 12:02:58'),
(47, 'ea', 'Numquam saepe a amet consequatur sint quia vel. Similique nobis natus quam cum ea corporis non. Deleniti aliquam qui rerum aut est molestias. Cupiditate libero fugiat repudiandae quisquam sequi quam.', 904, 0, 23, '2019-01-21 12:02:58', '2019-01-21 12:02:58'),
(48, 'sit', 'Dolore necessitatibus ipsa deleniti hic. Eius maxime voluptatem nemo perspiciatis ad in. Quod in numquam magni tenetur.', 710, 5, 3, '2019-01-21 12:02:58', '2019-01-21 12:02:58'),
(49, 'quam', 'Omnis quibusdam rerum unde aperiam dolore. Alias qui sunt et. Quae dolores laudantium omnis expedita inventore fugiat. Quia fugiat suscipit dolorem impedit est sit. Alias neque voluptatibus sed porro nobis.', 954, 4, 27, '2019-01-21 12:02:58', '2019-01-21 12:02:58'),
(50, 'ullam', 'Fugit est molestias voluptatem beatae eius consequatur minima expedita. Corrupti repudiandae aut impedit eum eligendi nihil architecto. Amet et earum autem aperiam doloremque quia. Veniam recusandae voluptatem aut error dolore odio illo. Consequatur expedita velit quae esse sit.', 938, 0, 16, '2019-01-21 12:02:58', '2019-01-21 12:02:58');

-- --------------------------------------------------------

--
-- Table structure for table `reviews`
--

CREATE TABLE `reviews` (
  `id` int(10) UNSIGNED NOT NULL,
  `product_id` int(10) UNSIGNED NOT NULL,
  `customer` varchar(191) COLLATE utf8mb4_unicode_ci NOT NULL,
  `review` text COLLATE utf8mb4_unicode_ci NOT NULL,
  `star` int(11) NOT NULL,
  `created_at` timestamp NULL DEFAULT NULL,
  `updated_at` timestamp NULL DEFAULT NULL
) ENGINE=InnoDB DEFAULT CHARSET=utf8mb4 COLLATE=utf8mb4_unicode_ci;

--
-- Dumping data for table `reviews`
--

INSERT INTO `reviews` (`id`, `product_id`, `customer`, `review`, `star`, `created_at`, `updated_at`) VALUES
(1, 15, 'Kiara Gutkowski', 'Quia deleniti qui iure animi ex in. Ipsa quas vel et voluptatem assumenda alias. Et placeat et aliquid aut molestiae.', 2, '2019-01-21 12:02:59', '2019-01-21 12:02:59'),
(2, 41, 'Mrs. Creola Ebert', 'Sint sint quidem animi quam quasi eaque iure. Error quo aliquid dolor consequatur rem vel. Quae sed nam quo.', 4, '2019-01-21 12:02:59', '2019-01-21 12:02:59'),
(3, 50, 'Evalyn Zieme', 'Rerum doloribus qui optio tempore perspiciatis. Aliquid et atque perferendis est.', 1, '2019-01-21 12:02:59', '2019-01-21 12:02:59'),
(4, 14, 'Aiden Ebert', 'Sunt cumque praesentium omnis aut distinctio aut. Consequatur iste neque minima necessitatibus et. Accusantium ut repellendus beatae quia aperiam deserunt quas illo. Tenetur et deleniti ipsa sit.', 1, '2019-01-21 12:02:59', '2019-01-21 12:02:59'),
(5, 16, 'Prof. Dorothy Kessler', 'Maxime dicta consequuntur voluptatum blanditiis. A quod unde omnis et modi. Illo corporis autem dolores necessitatibus dolorem.', 4, '2019-01-21 12:02:59', '2019-01-21 12:02:59'),
(6, 13, 'Richard Gibson', 'Sed libero consequatur quam mollitia dolorem et consequuntur dignissimos. Iure vero aut et omnis et nobis expedita voluptatum.', 3, '2019-01-21 12:02:59', '2019-01-21 12:02:59'),
(7, 48, 'Elouise Mohr', 'Cum quaerat delectus eum quod molestiae nobis consequuntur. Quia quibusdam sed sapiente. Itaque dolor quo nesciunt aut. Occaecati id aut assumenda nostrum quisquam nihil.', 4, '2019-01-21 12:02:59', '2019-01-21 12:02:59'),
(8, 12, 'Madyson Reichert DDS', 'Et vel enim ut dolorum. Rerum et ipsa commodi qui ducimus nostrum. Omnis ab quia laboriosam ipsa sed eius.', 5, '2019-01-21 12:02:59', '2019-01-21 12:02:59'),
(9, 33, 'Timothy Kuhic', 'Odit minus quisquam esse nihil alias labore repellat. Vitae officiis fuga ab vel ex neque. Repellat enim asperiores officiis labore vero qui. Repudiandae suscipit corporis officiis quas totam.', 0, '2019-01-21 12:02:59', '2019-01-21 12:02:59'),
(10, 22, 'Prof. Judson Legros DDS', 'Autem tempora dolores itaque harum quis accusantium et. Aliquam velit molestiae aperiam qui excepturi neque ea. Ab minus quo velit voluptatum expedita et id. Rem asperiores qui corrupti et atque sed.', 3, '2019-01-21 12:03:00', '2019-01-21 12:03:00'),
(11, 7, 'Lincoln Pacocha', 'Saepe adipisci officia fugit quas voluptatem enim. Ipsa velit aut iure pariatur. Incidunt dolore dolor labore officia. Id aspernatur quia qui repellendus assumenda. Non ratione aut animi dolores numquam nobis.', 4, '2019-01-21 12:03:00', '2019-01-21 12:03:00'),
(12, 20, 'Luigi Wintheiser', 'Id id ipsum facilis itaque est. Voluptatem facere accusantium qui alias et modi. Ad itaque voluptatum nam dolor libero non autem perspiciatis. Ut tempore consequatur aut ipsum omnis nisi vel et.', 0, '2019-01-21 12:03:00', '2019-01-21 12:03:00'),
(13, 5, 'Ms. Jermaine Borer V', 'Iste eligendi quia ut vel ut dolor modi. Itaque eveniet cum dolore non. Rerum deleniti rerum et. Eius delectus sit autem quod.', 0, '2019-01-21 12:03:00', '2019-01-21 12:03:00'),
(14, 13, 'Macy Bruen', 'Quos qui excepturi consectetur quo expedita perferendis quibusdam consectetur. Ut dolor eligendi qui cupiditate. Quis aut optio dignissimos nihil.', 3, '2019-01-21 12:03:00', '2019-01-21 12:03:00'),
(15, 33, 'Dr. Thad Cummerata', 'Autem accusantium ipsam eos voluptatem cum. Nam totam omnis distinctio sequi quo eius iusto voluptatem. Aliquam fugiat id eaque nobis nobis.', 2, '2019-01-21 12:03:00', '2019-01-21 12:03:00'),
(16, 8, 'Ryleigh Terry DDS', 'Qui est vel repellat ullam quo aliquid enim hic. Dicta dolorem molestias numquam sed amet et.', 2, '2019-01-21 12:03:00', '2019-01-21 12:03:00'),
(17, 24, 'Prof. Leopoldo Kozey', 'Sed ratione dolorem omnis autem rem ut. Et et laudantium officia dolor. Aut accusantium est eius hic et aperiam voluptatem et. Porro magnam laudantium distinctio sit esse.', 2, '2019-01-21 12:03:00', '2019-01-21 12:03:00'),
(18, 5, 'Prof. Kim Hyatt III', 'Aut quae eos eos. Et esse iusto porro omnis. Iure facilis corrupti quo sunt. Vel et pariatur sint earum debitis amet.', 1, '2019-01-21 12:03:00', '2019-01-21 12:03:00'),
(19, 16, 'Christiana Klocko', 'Aut esse aut quas consectetur. Voluptatibus neque omnis officia molestias suscipit temporibus. Quia est aut rerum incidunt fugit id commodi. Ad placeat velit rem fugit.', 0, '2019-01-21 12:03:00', '2019-01-21 12:03:00'),
(20, 8, 'Bonita Homenick I', 'Eligendi sed et omnis voluptatem sed facilis laboriosam. Sit quam quaerat porro sit itaque ipsum. Eos quod autem iusto saepe placeat.', 3, '2019-01-21 12:03:00', '2019-01-21 12:03:00'),
(21, 38, 'Liza Haag', 'Ea et nisi autem illo a. Ut doloremque assumenda incidunt veniam culpa. Nam sit perspiciatis quas consequatur molestias. Ad delectus perferendis quibusdam similique et deserunt.', 3, '2019-01-21 12:03:00', '2019-01-21 12:03:00'),
(22, 39, 'Carmel Haley', 'Sunt dolor harum nesciunt ipsum id. Deleniti blanditiis id aperiam et ratione. Dolorem eligendi nihil numquam ut dolore tenetur. Non minima voluptatem autem non.', 0, '2019-01-21 12:03:00', '2019-01-21 12:03:00'),
(23, 37, 'Ms. Cecile Ward', 'Molestiae sunt odit et sed soluta. Nulla culpa consequatur possimus totam aspernatur nobis omnis.', 1, '2019-01-21 12:03:00', '2019-01-21 12:03:00'),
(24, 46, 'Lesley Kshlerin', 'Exercitationem nam illum omnis sunt ipsam quae. Minima veritatis commodi nihil nemo ducimus laudantium. Qui eaque dicta est mollitia.', 1, '2019-01-21 12:03:00', '2019-01-21 12:03:00'),
(25, 22, 'Emely Shanahan MD', 'Cumque ipsum voluptatibus repudiandae sit. Dolorem doloribus aliquam est ut. Itaque explicabo quia porro sunt suscipit tempore id modi.', 4, '2019-01-21 12:03:00', '2019-01-21 12:03:00'),
(26, 43, 'Miss Cassie Haley', 'Quos atque delectus autem vel magnam. Soluta debitis sed dignissimos doloremque tempore aut. Officia est quo distinctio id in.', 0, '2019-01-21 12:03:00', '2019-01-21 12:03:00'),
(27, 39, 'Alvah Marquardt Jr.', 'Accusantium ut natus voluptatem qui hic enim perferendis. Ut delectus ut tenetur modi quos qui consequatur molestiae. Non totam culpa ut velit velit ab est.', 0, '2019-01-21 12:03:00', '2019-01-21 12:03:00'),
(28, 27, 'Afton Ankunding', 'Officiis et unde libero sint. Sed consectetur suscipit ut magni vero. Error ex vero adipisci omnis.', 4, '2019-01-21 12:03:00', '2019-01-21 12:03:00'),
(29, 11, 'Hillard Weimann', 'Laudantium quae vero fugit enim. Doloribus est voluptatem veniam quo corporis alias harum. Rem aliquam quae maxime dicta distinctio voluptatem. Sequi libero dolor dolores.', 0, '2019-01-21 12:03:00', '2019-01-21 12:03:00'),
(30, 20, 'Donavon Maggio Jr.', 'Sit ratione quae repellat exercitationem culpa quisquam. Distinctio ut et consequatur et id enim vero cum. Dolor sed ipsam neque necessitatibus est dicta doloribus sed.', 5, '2019-01-21 12:03:00', '2019-01-21 12:03:00'),
(31, 18, 'Alvena Krajcik', 'A et rerum et rerum animi. Sapiente consequatur architecto laborum necessitatibus dolorem culpa. Placeat nulla nobis vero magni et qui. Quam iste magnam enim explicabo.', 0, '2019-01-21 12:03:00', '2019-01-21 12:03:00'),
(32, 8, 'Freddie Lockman', 'Nobis voluptatibus veniam exercitationem eaque ab consequuntur. Quam sequi voluptas omnis dolorem. Quis nisi nobis labore dolores. Perspiciatis similique a voluptas aut neque et.', 0, '2019-01-21 12:03:01', '2019-01-21 12:03:01'),
(33, 40, 'Mr. London Rutherford', 'Qui perferendis corrupti et necessitatibus recusandae nihil voluptatem. Molestiae molestiae aliquid rerum dolores. Minus adipisci possimus facere rerum omnis ea et.', 2, '2019-01-21 12:03:01', '2019-01-21 12:03:01'),
(34, 41, 'Stephania Nicolas', 'Non aut quam laboriosam rerum nihil. Nulla placeat labore nobis distinctio ratione. Excepturi laudantium quia dolores et quasi officia.', 4, '2019-01-21 12:03:01', '2019-01-21 12:03:01'),
(35, 40, 'Mayra Raynor', 'Recusandae numquam eum voluptas vitae. Dolorem cupiditate quasi a ex illo. Voluptas dignissimos beatae nesciunt temporibus neque.', 4, '2019-01-21 12:03:01', '2019-01-21 12:03:01'),
(36, 42, 'Idella Cruickshank', 'Est velit rerum excepturi. Sint et minus cum voluptatibus aut quaerat. In esse saepe animi ut vel nulla.', 1, '2019-01-21 12:03:01', '2019-01-21 12:03:01'),
(37, 46, 'Lisa Frami', 'Omnis et hic sit est illo ut modi. In laboriosam ut neque et harum dolor sit dolor. Quis minus ut ab quod aspernatur voluptate.', 5, '2019-01-21 12:03:01', '2019-01-21 12:03:01'),
(38, 1, 'Jodie Herman', 'Aliquid dolor perspiciatis nemo sunt explicabo sed. Commodi libero fugiat ea saepe explicabo. Inventore adipisci sint molestias occaecati.', 2, '2019-01-21 12:03:01', '2019-01-21 12:03:01'),
(39, 16, 'Dr. Mohamed Rodriguez', 'Maiores iste enim itaque placeat eaque nesciunt. Minima qui dolor numquam praesentium sint officia dolores. Dolore atque ea alias quos ratione quas et accusantium.', 0, '2019-01-21 12:03:01', '2019-01-21 12:03:01'),
(40, 34, 'Jeremie Schaden', 'Ut ut nostrum reprehenderit corrupti et. Tempora ad eum atque magni tenetur perspiciatis. Ut ea id a maiores fugiat et adipisci maxime.', 5, '2019-01-21 12:03:01', '2019-01-21 12:03:01'),
(41, 17, 'Americo Walsh', 'Neque dolore quia deserunt nemo esse praesentium. Dolores incidunt sit eum rerum odit. Maiores esse nulla consequatur eaque.', 4, '2019-01-21 12:03:01', '2019-01-21 12:03:01'),
(42, 11, 'Mr. Joey Erdman', 'Fugit quo nihil similique repudiandae. Reprehenderit et quibusdam neque rerum reprehenderit. Quia et magni laudantium quidem. Fugit aut illum placeat quos non incidunt accusamus.', 2, '2019-01-21 12:03:01', '2019-01-21 12:03:01'),
(43, 15, 'Dr. Terrance Strosin', 'Non illum est a rerum sunt sit. Neque porro iure aperiam dolor sit voluptate. Dolor autem enim omnis corporis voluptas debitis sed aut. Non sapiente in voluptatem omnis nam occaecati. Veniam perspiciatis non voluptatum et voluptate.', 5, '2019-01-21 12:03:01', '2019-01-21 12:03:01'),
(44, 39, 'Rachael Auer', 'Dolorem consequatur qui ad aut quibusdam ipsam quibusdam. Vel quidem fugit porro commodi. Consectetur nulla eos non.', 5, '2019-01-21 12:03:01', '2019-01-21 12:03:01'),
(45, 9, 'Eleanore Mraz', 'Similique sunt perferendis eius et eos eius. Distinctio accusantium quis rerum at suscipit et veritatis. Qui quaerat labore ut. Soluta qui nihil distinctio sapiente.', 0, '2019-01-21 12:03:01', '2019-01-21 12:03:01'),
(46, 7, 'Kieran Littel', 'Sint voluptates nesciunt ad aspernatur et. Quam facilis iusto quisquam minus impedit. Quia excepturi error ea omnis quo at ut.', 0, '2019-01-21 12:03:01', '2019-01-21 12:03:01'),
(47, 8, 'Prof. Johann Jacobs IV', 'In sint quia numquam. Sint ut numquam similique qui. Ut temporibus a aut cupiditate. Quis ratione eveniet esse dolor porro.', 2, '2019-01-21 12:03:01', '2019-01-21 12:03:01'),
(48, 34, 'Kiley Kuvalis Sr.', 'Et possimus dolores ab et soluta voluptatibus. Ut voluptates quos molestiae veniam dolor dolore ad. Tempore nesciunt quo deleniti itaque.', 0, '2019-01-21 12:03:02', '2019-01-21 12:03:02'),
(49, 8, 'Kristian Konopelski IV', 'Libero saepe itaque omnis voluptas et. Saepe quia et perspiciatis est. Quis aliquid eos aspernatur autem perferendis voluptatem. Tempore aut perspiciatis corporis eum eos.', 0, '2019-01-21 12:03:02', '2019-01-21 12:03:02'),
(50, 38, 'Antwon Weissnat', 'Ut voluptatem voluptatem non est nobis. Ut cum unde necessitatibus temporibus quaerat. Ut nihil voluptas perspiciatis consequatur enim hic et. Reprehenderit tempora fugiat omnis ipsam qui sed.', 1, '2019-01-21 12:03:02', '2019-01-21 12:03:02'),
(51, 3, 'Hailee Waelchi', 'Minima aspernatur repellat sapiente quia ea. Et unde dolor corrupti magni neque ea quod. Necessitatibus vero eveniet quibusdam blanditiis nulla. Et et qui et.', 3, '2019-01-21 12:03:02', '2019-01-21 12:03:02'),
(52, 19, 'Merlin Jerde III', 'Et magni quod saepe alias. Iusto hic ut adipisci qui eos. Dignissimos rerum fugiat tempore dicta tempore et.', 0, '2019-01-21 12:03:02', '2019-01-21 12:03:02'),
(53, 22, 'Judy Upton', 'Vitae sed sed cumque quae. Laudantium soluta repellat dolorem qui occaecati. Expedita amet officiis magni ratione assumenda eum numquam. Eius eligendi mollitia facilis aspernatur in exercitationem quisquam.', 0, '2019-01-21 12:03:02', '2019-01-21 12:03:02'),
(54, 16, 'Alysa Corkery', 'Et vel sequi eos. Quaerat delectus cumque corporis minus. Fugiat sit qui quidem.', 0, '2019-01-21 12:03:02', '2019-01-21 12:03:02'),
(55, 40, 'Delbert Ruecker DVM', 'Dolores qui rerum voluptatum rerum optio. Rem ipsam aut magni occaecati sit rerum nostrum omnis. Vel earum iure inventore ut voluptatem doloribus dicta.', 4, '2019-01-21 12:03:02', '2019-01-21 12:03:02'),
(56, 42, 'Cleo Brown', 'Eius fuga architecto minima veniam sint. Aliquid ut qui eum id blanditiis voluptatem nam. Tempora qui tempore assumenda ut illo. Excepturi quidem quibusdam velit tempora possimus minus minima.', 0, '2019-01-21 12:03:02', '2019-01-21 12:03:02'),
(57, 27, 'Crystal Keeling', 'Temporibus odio ut veniam. Sed mollitia laborum nihil sit ut minima. Aut quae nostrum nesciunt beatae accusantium distinctio tempore.', 5, '2019-01-21 12:03:02', '2019-01-21 12:03:02'),
(58, 8, 'Dr. Ray Muller', 'Sed accusantium iusto vel ipsa deleniti rerum sint. Ipsam esse exercitationem et dolores alias dolor et blanditiis. Exercitationem enim et iusto et qui autem minus. Fuga error eos culpa rerum odit.', 5, '2019-01-21 12:03:02', '2019-01-21 12:03:02'),
(59, 42, 'Mr. Jake Hauck PhD', 'Eaque qui vel nisi aut quos tempora. Incidunt placeat accusamus quia officia et assumenda ducimus soluta. Ratione quam velit accusantium debitis vel ut. Molestias dolorem rerum dolorem pariatur recusandae.', 4, '2019-01-21 12:03:02', '2019-01-21 12:03:02'),
(60, 22, 'Retta Heaney', 'Sint saepe consequatur sunt ab. Libero iure illum incidunt sunt. Minima cumque ut error asperiores neque et.', 1, '2019-01-21 12:03:02', '2019-01-21 12:03:02'),
(61, 5, 'Dr. Reyes King MD', 'Explicabo nam omnis doloribus illum id harum explicabo deserunt. Similique autem accusantium non quas ipsam adipisci distinctio. Voluptatem et est perspiciatis et atque ipsa sapiente.', 3, '2019-01-21 12:03:02', '2019-01-21 12:03:02'),
(62, 23, 'Mr. Monte Barton', 'Molestiae nobis aut esse ullam aspernatur tempore maxime tenetur. Sapiente veritatis excepturi blanditiis quo eius atque. Vel eligendi itaque nostrum rerum quam fuga.', 2, '2019-01-21 12:03:02', '2019-01-21 12:03:02'),
(63, 42, 'Cyrus O\'Conner', 'Sunt quia veritatis iusto. Quae vel qui enim facilis corrupti ullam excepturi. Hic nesciunt quam quas cum. Autem eum facilis nemo laboriosam aliquam sunt commodi.', 5, '2019-01-21 12:03:02', '2019-01-21 12:03:02'),
(64, 45, 'Iliana Bergstrom', 'Natus vel in nulla aspernatur blanditiis. Nesciunt eius repellendus laudantium voluptatum aliquid. Tempore ut dolorem omnis natus aut.', 3, '2019-01-21 12:03:02', '2019-01-21 12:03:02'),
(65, 37, 'Mercedes Bartoletti', 'Et nihil et quos eum. Molestiae voluptas fugit cumque praesentium optio saepe. Eum placeat et laudantium fugit.', 1, '2019-01-21 12:03:02', '2019-01-21 12:03:02'),
(66, 32, 'Baby Nienow', 'Nobis accusantium et deleniti dolor. Quam esse est error iure. Eum doloremque earum ea. Aliquid esse nemo rerum esse. Mollitia eos aut voluptates vitae veniam itaque iste.', 3, '2019-01-21 12:03:02', '2019-01-21 12:03:02'),
(67, 6, 'Brice Russel I', 'Qui dignissimos exercitationem itaque qui et temporibus animi. Nostrum maxime blanditiis iusto quia cupiditate harum. Architecto unde rerum qui vero. Non nulla laborum est vel nesciunt nostrum ex est. Quod qui repudiandae est qui quia.', 5, '2019-01-21 12:03:02', '2019-01-21 12:03:02'),
(68, 19, 'Dr. Vicky Powlowski V', 'Consectetur aut ipsum autem exercitationem dolor quis nemo. Assumenda a est nobis tempore exercitationem aut.', 2, '2019-01-21 12:03:02', '2019-01-21 12:03:02'),
(69, 7, 'Salma Hickle', 'Qui vero necessitatibus dolores voluptatem debitis deleniti. Delectus aspernatur cum delectus est placeat. Ut et voluptatem atque ducimus vero. Ut perspiciatis eos quis possimus et enim.', 0, '2019-01-21 12:03:02', '2019-01-21 12:03:02'),
(70, 9, 'Mrs. Ava Schimmel MD', 'Voluptatum minus accusamus quia perferendis veritatis dolor quam. Id aperiam est sed adipisci. Quos illo molestiae modi voluptatem sint quae nesciunt. Commodi fugit possimus neque doloremque dolor. Quis ea neque placeat alias consequatur itaque error.', 4, '2019-01-21 12:03:03', '2019-01-21 12:03:03'),
(71, 17, 'Dr. Luigi Collins', 'Hic ducimus consectetur sunt eum omnis magnam. Ratione vitae tenetur sed iste blanditiis. Expedita vel amet sit.', 2, '2019-01-21 12:03:03', '2019-01-21 12:03:03'),
(72, 47, 'Burley Ondricka PhD', 'Sed ut facilis optio beatae cumque velit. Eos molestiae incidunt ex asperiores. Laboriosam saepe repudiandae repellendus occaecati aut aut rem. Est ut earum sint sit exercitationem a repudiandae.', 4, '2019-01-21 12:03:03', '2019-01-21 12:03:03'),
(73, 7, 'Aracely Hermann III', 'Cum natus aut et dolorum fugiat. Mollitia facilis id quidem nihil. Sint architecto enim inventore est quos asperiores non.', 4, '2019-01-21 12:03:03', '2019-01-21 12:03:03'),
(74, 10, 'Karina Weber', 'Voluptatum molestiae libero ut. Excepturi adipisci dolor officia asperiores. Omnis dolorum unde impedit.', 4, '2019-01-21 12:03:03', '2019-01-21 12:03:03'),
(75, 7, 'Ayden Trantow', 'Doloremque officia quis sunt mollitia unde. Non libero et explicabo sit. Ipsam qui minima porro totam mollitia.', 5, '2019-01-21 12:03:03', '2019-01-21 12:03:03'),
(76, 6, 'Lolita Spinka', 'Corporis et explicabo molestiae minus dolores perspiciatis similique. Rerum sit et molestiae minima error. Ullam rem quo nisi sit quo. Impedit placeat numquam neque ut.', 0, '2019-01-21 12:03:03', '2019-01-21 12:03:03'),
(77, 45, 'Mrs. Joanie Gerlach', 'Consequatur itaque eum sint totam magnam. Aspernatur quis rerum fuga odit. Qui dolorum consequatur sunt voluptatem doloremque natus ex sed.', 1, '2019-01-21 12:03:03', '2019-01-21 12:03:03'),
(78, 10, 'Dr. Adrienne Jacobs', 'Veritatis nobis velit ut ut debitis et magnam nostrum. Qui libero aliquam illo in. Nobis dolorum nobis animi voluptas corrupti voluptatem itaque.', 5, '2019-01-21 12:03:03', '2019-01-21 12:03:03'),
(79, 18, 'Mariana Abshire', 'Ipsa odio enim at facilis. Velit et ea aut maxime laboriosam consequatur quo qui. Saepe quas veritatis reprehenderit velit molestiae quis.', 1, '2019-01-21 12:03:03', '2019-01-21 12:03:03'),
(80, 22, 'Dr. Lesley Botsford Sr.', 'Fuga vel cumque sint laudantium accusantium reprehenderit occaecati velit. Ratione autem vel ea dolores vitae. Vero ut similique aliquam corporis. Ut magnam animi quos perspiciatis et quisquam.', 5, '2019-01-21 12:03:03', '2019-01-21 12:03:03'),
(81, 35, 'Abdiel Kunde', 'Nostrum qui natus aut aspernatur. Architecto ab temporibus non. Fugit quo sint quia nemo ipsum aliquid quas.', 1, '2019-01-21 12:03:03', '2019-01-21 12:03:03'),
(82, 46, 'Larue D\'Amore I', 'Porro rem itaque natus quo qui. Aut omnis sapiente ut voluptatem culpa corporis dolorem. Quia distinctio est commodi sint consequatur et omnis.', 2, '2019-01-21 12:03:03', '2019-01-21 12:03:03'),
(83, 44, 'Mr. Garland Hermiston', 'Vel voluptate ducimus sunt saepe aliquam saepe sequi rem. Id ipsum tempore maxime et esse. Eaque quaerat nostrum ab id sapiente. Quo omnis non laboriosam eveniet aliquid consequuntur voluptates.', 2, '2019-01-21 12:03:03', '2019-01-21 12:03:03'),
(84, 42, 'Carolanne Trantow', 'Illum ut eos doloribus esse ea dolores et. Et placeat nisi est id. Adipisci consequatur iste minus. Dolorum ad itaque nihil quas voluptatibus adipisci.', 0, '2019-01-21 12:03:03', '2019-01-21 12:03:03'),
(85, 9, 'Dr. Allie Harber DDS', 'Sit in id aut autem qui illo voluptatum. Commodi sunt odio sunt amet. Deleniti sunt qui dolores eos nihil quo.', 2, '2019-01-21 12:03:03', '2019-01-21 12:03:03'),
(86, 10, 'Peyton Haley', 'Enim nemo sunt in architecto reprehenderit doloremque pariatur et. Perspiciatis repellendus nulla ea quisquam. Blanditiis eveniet ut inventore consequatur esse dolorem quia aliquam. Quos aperiam fugiat quaerat accusantium.', 4, '2019-01-21 12:03:03', '2019-01-21 12:03:03'),
(87, 50, 'Maribel Jenkins', 'Eius qui explicabo voluptates qui nesciunt aut. Quas id ut praesentium exercitationem aut aut quia. Eius non sed tenetur dolor doloribus voluptatem. Voluptates nihil nisi sed. Dolores nihil qui similique occaecati sapiente sed.', 2, '2019-01-21 12:03:03', '2019-01-21 12:03:03'),
(88, 4, 'Mrs. Jacquelyn Lind', 'Veniam occaecati voluptas quia facilis. Dolorem quaerat excepturi dignissimos dolorum architecto. Et voluptatum delectus sed quo ullam est deleniti occaecati. Quam aperiam magni unde et et eum accusantium.', 4, '2019-01-21 12:03:03', '2019-01-21 12:03:03'),
(89, 8, 'Vena Lebsack', 'Voluptas et officiis temporibus rerum voluptatum perferendis eum esse. Fugit reprehenderit voluptas harum et autem incidunt. Quo quisquam eum id.', 1, '2019-01-21 12:03:03', '2019-01-21 12:03:03'),
(90, 49, 'Maya Bechtelar', 'Labore dolore placeat sed aliquid. Autem praesentium odit rerum harum. Quia et aut exercitationem consequatur. Eveniet et deleniti ab.', 3, '2019-01-21 12:03:03', '2019-01-21 12:03:03'),
(91, 41, 'Marjory Hagenes', 'Adipisci dolores quibusdam voluptas. Est qui ullam quas. Eum corrupti explicabo impedit officiis qui dolores nostrum hic. Illum laborum ut maiores necessitatibus.', 5, '2019-01-21 12:03:03', '2019-01-21 12:03:03'),
(92, 14, 'Columbus Altenwerth DDS', 'Quo nostrum dolor tempora velit corporis id. Rerum eveniet consequuntur non. Quae laborum itaque consequatur. Dolor est id dolorum consequuntur nisi praesentium numquam.', 5, '2019-01-21 12:03:04', '2019-01-21 12:03:04'),
(93, 15, 'Nannie Zboncak', 'Debitis nobis voluptas saepe autem doloremque. Facilis voluptatem velit nulla velit repellendus.', 3, '2019-01-21 12:03:04', '2019-01-21 12:03:04'),
(94, 30, 'Dr. Carmine Quigley MD', 'Iste aut rerum unde consectetur qui ut saepe. Voluptates sed ut est veniam mollitia. Porro tempora ut officia maxime.', 5, '2019-01-21 12:03:04', '2019-01-21 12:03:04'),
(95, 39, 'Carlie Reinger DDS', 'Et eius quo quasi minima reprehenderit saepe fuga numquam. Minus nulla ipsa debitis non inventore voluptates. Dolores iste ab sed eveniet dolorum porro. Cum quasi eveniet quae quasi quam aut et illo.', 0, '2019-01-21 12:03:04', '2019-01-21 12:03:04'),
(96, 16, 'Grady Beatty', 'Expedita unde a numquam. Eum sint nobis voluptatem tenetur ut rerum sunt. Aut ab et adipisci vitae maiores optio.', 0, '2019-01-21 12:03:04', '2019-01-21 12:03:04'),
(97, 31, 'Deja Dach', 'In et recusandae voluptate totam. Vel quae qui temporibus.', 5, '2019-01-21 12:03:04', '2019-01-21 12:03:04'),
(98, 40, 'Prof. Reynold Hauck', 'Non ea voluptatem ut. Eum necessitatibus in iure consectetur maxime. Laborum magnam omnis vel voluptatum beatae ut. Et dolores voluptatibus aut similique.', 0, '2019-01-21 12:03:04', '2019-01-21 12:03:04'),
(99, 41, 'Dr. Heber DuBuque Sr.', 'Atque nihil deleniti quos ab temporibus rerum. Sed nulla neque et aut dolores odit. Temporibus dicta aliquid praesentium et consequatur ut voluptate illo. Sed animi unde et pariatur nemo.', 4, '2019-01-21 12:03:04', '2019-01-21 12:03:04'),
(100, 28, 'Zackary Keeling IV', 'Error dolorem iure eveniet nulla incidunt magnam nobis quidem. Est laboriosam commodi qui sunt laborum tenetur. Blanditiis quod aut illo. Quis qui doloremque distinctio suscipit nam aperiam.', 3, '2019-01-21 12:03:04', '2019-01-21 12:03:04'),
(101, 1, 'Jaden Medhurst', 'Cumque laboriosam qui rerum ut dolorum voluptate rem. Est perferendis est animi. Minus enim eos hic voluptatem nulla incidunt quibusdam. Qui rem suscipit iste qui repudiandae eos rem.', 4, '2019-01-21 12:03:04', '2019-01-21 12:03:04'),
(102, 48, 'Wilford Boehm', 'Qui quam blanditiis quia voluptas pariatur quia qui quae. Et vel provident voluptates impedit distinctio. Recusandae cumque deserunt est autem.', 4, '2019-01-21 12:03:04', '2019-01-21 12:03:04'),
(103, 28, 'Holden Nicolas II', 'Saepe minus repudiandae officia nemo. Commodi aliquid recusandae quia ut asperiores quisquam. Et nemo et quibusdam itaque alias.', 1, '2019-01-21 12:03:04', '2019-01-21 12:03:04'),
(104, 28, 'Abby Altenwerth Jr.', 'Est maiores quo in nisi mollitia eum voluptate rem. Cupiditate ut et veniam reiciendis saepe enim. Et et fugiat officiis non corporis.', 4, '2019-01-21 12:03:04', '2019-01-21 12:03:04'),
(105, 12, 'Ms. Alvena Braun', 'Vel provident minus fugiat officiis laborum ut nostrum. Odio odit amet voluptatem autem molestias. Facere recusandae illo pariatur dolores omnis. Ea alias qui inventore cupiditate maiores cupiditate esse.', 3, '2019-01-21 12:03:04', '2019-01-21 12:03:04'),
(106, 19, 'Archibald Labadie MD', 'Aut dolorum velit id unde voluptas. Sit assumenda et quod reprehenderit saepe et. Provident culpa dolores recusandae voluptatibus magnam. Quo voluptas iusto maiores animi aspernatur quae sapiente.', 3, '2019-01-21 12:03:04', '2019-01-21 12:03:04'),
(107, 27, 'Uriel Boyer', 'Repellat optio doloremque ea omnis magni expedita. Sed vitae dolorem sapiente omnis fugit sed. Eligendi ut sapiente quam aut iure vel.', 1, '2019-01-21 12:03:04', '2019-01-21 12:03:04'),
(108, 24, 'Macie Reichert V', 'Repudiandae eligendi consequuntur est. Excepturi aut distinctio quibusdam amet id ea nihil. Est corrupti veniam voluptatem rem tenetur aut.', 4, '2019-01-21 12:03:04', '2019-01-21 12:03:04'),
(109, 23, 'Jaime Johnston', 'Nulla maiores expedita officia suscipit dicta impedit necessitatibus. Aut est sunt et vero non numquam odio. Voluptas ea ullam id. Rerum voluptatem saepe minus a.', 3, '2019-01-21 12:03:04', '2019-01-21 12:03:04'),
(110, 33, 'Sierra Heathcote', 'Molestiae aut eveniet praesentium enim et vel. Nobis odio nisi qui atque enim sint. Nam aperiam consequatur dolor. Reprehenderit fugit neque est atque.', 5, '2019-01-21 12:03:04', '2019-01-21 12:03:04'),
(111, 37, 'Palma Dare Sr.', 'Expedita eos ducimus vero omnis impedit. Unde et officia harum tempora quasi et. Quidem aut voluptate illo qui earum.', 2, '2019-01-21 12:03:04', '2019-01-21 12:03:04'),
(112, 28, 'Wyatt Macejkovic', 'Expedita quisquam quis natus sed nostrum. Veniam voluptatem debitis modi nulla voluptatem quis fuga laudantium. Similique iusto et reprehenderit reiciendis vel quo natus.', 2, '2019-01-21 12:03:04', '2019-01-21 12:03:04'),
(113, 21, 'Mr. Griffin Watsica Sr.', 'Alias cum non nihil aut et atque. Ratione adipisci quo dolorum. Esse rerum nihil repellendus et autem id maxime id. Est ipsum nesciunt temporibus sunt minima et nobis.', 4, '2019-01-21 12:03:04', '2019-01-21 12:03:04'),
(114, 10, 'Napoleon Harber MD', 'Eaque id neque quam sequi architecto labore quos. Delectus non quia aspernatur iure iste. Neque blanditiis alias molestiae dolor ea aut molestiae. Dicta architecto minus quos ullam sed dolorum.', 3, '2019-01-21 12:03:04', '2019-01-21 12:03:04'),
(115, 13, 'Otha Bernier', 'Eum est a natus et quam non. Eius perferendis qui dolor aut quas. Quam nihil doloribus quos eum rerum quia.', 0, '2019-01-21 12:03:04', '2019-01-21 12:03:04'),
(116, 41, 'Prof. Rick Trantow PhD', 'Perspiciatis accusamus id ullam modi consequatur quaerat quia in. Placeat aperiam velit recusandae. Dolorem explicabo harum magnam possimus autem velit ratione. Dolor consequuntur vero asperiores quisquam.', 2, '2019-01-21 12:03:04', '2019-01-21 12:03:04'),
(117, 46, 'Noble Pouros', 'Eaque velit porro in ut totam. Iusto voluptatem officiis et sit atque. Qui harum explicabo reiciendis praesentium aut quam ad. Minima id qui nesciunt deleniti laudantium.', 5, '2019-01-21 12:03:04', '2019-01-21 12:03:04'),
(118, 38, 'Isidro Berge', 'Nulla sed non corporis quia sint. Magni magnam voluptatibus perferendis ut. Minus culpa ut necessitatibus voluptatum esse molestias.', 5, '2019-01-21 12:03:04', '2019-01-21 12:03:04'),
(119, 44, 'Eleonore Abbott', 'Quae culpa molestias blanditiis molestiae tenetur. Aut dignissimos reprehenderit consequatur ut sit. Cumque similique assumenda ab reprehenderit eaque sequi. Libero quasi quas cum.', 2, '2019-01-21 12:03:04', '2019-01-21 12:03:04'),
(120, 36, 'Brandy Oberbrunner', 'Nisi ipsa illo magni quis dolorem atque similique. Suscipit soluta ut numquam magnam voluptas labore qui.', 3, '2019-01-21 12:03:04', '2019-01-21 12:03:04'),
(121, 31, 'Jackson Morissette', 'Ullam ex voluptatem hic eveniet commodi cum voluptatum. Aut repellat quos dignissimos id vel repellat doloribus. Rerum et aliquid repellat distinctio rerum rem. Ratione voluptatem non quia. Modi reiciendis eos ex qui molestiae omnis.', 0, '2019-01-21 12:03:04', '2019-01-21 12:03:04'),
(122, 20, 'Odell Legros', 'Maxime molestias molestias et laudantium nam. Dolorem perspiciatis aut consectetur excepturi quam facere. Incidunt iste tempora laboriosam iure delectus deleniti corrupti. Nisi voluptatem occaecati cumque modi sed dolores in. Quo quis et aperiam dicta qui ea ut.', 2, '2019-01-21 12:03:05', '2019-01-21 12:03:05'),
(123, 45, 'Ms. Leanna Moen', 'Quasi iure cumque sit repudiandae et. Vel culpa sunt illo ab beatae beatae id. Nostrum tenetur nemo et est ipsum et.', 2, '2019-01-21 12:03:05', '2019-01-21 12:03:05'),
(124, 42, 'Prof. Randy Rippin', 'Vel nisi beatae at neque qui error. Voluptas et amet qui corporis. Sit necessitatibus sint maiores minima eum et officia.', 3, '2019-01-21 12:03:05', '2019-01-21 12:03:05'),
(125, 39, 'Dr. Wyman Shanahan', 'Culpa molestiae qui vero sint possimus. Cum et voluptas sapiente et. Voluptates dolor neque id numquam sed.', 3, '2019-01-21 12:03:05', '2019-01-21 12:03:05'),
(126, 43, 'Ms. Lura Jones V', 'Repudiandae quibusdam ipsum atque eum ea commodi. Qui fugit officiis necessitatibus optio suscipit voluptatem. Necessitatibus non nostrum impedit delectus odio sint. Unde quaerat sed ea quod.', 0, '2019-01-21 12:03:05', '2019-01-21 12:03:05'),
(127, 16, 'Brycen Hermann', 'Qui sint quibusdam ut voluptatem ut et et. Non aut maxime officia velit laudantium sit voluptate sit. Ipsam aut animi voluptas aut.', 5, '2019-01-21 12:03:05', '2019-01-21 12:03:05'),
(128, 8, 'Dr. Alycia Witting I', 'Facere deleniti dicta odit. Doloremque voluptatum recusandae nisi amet.', 2, '2019-01-21 12:03:05', '2019-01-21 12:03:05'),
(129, 39, 'Mireille Moen Sr.', 'Et saepe est et perferendis nihil aut voluptatem. Reiciendis vero similique beatae quos. Necessitatibus maiores aliquam voluptatem explicabo dolorem soluta qui. Quisquam modi sunt quia pariatur et sed et magni.', 0, '2019-01-21 12:03:05', '2019-01-21 12:03:05'),
(130, 12, 'Stella Lindgren', 'Qui quasi dicta quidem eveniet. Vero ut deserunt odit laudantium.', 2, '2019-01-21 12:03:05', '2019-01-21 12:03:05'),
(131, 26, 'Miss Kattie Buckridge', 'Animi maxime totam blanditiis accusantium et. Aut fuga dolores voluptatem animi et. Non officiis labore nam qui expedita perferendis placeat. Occaecati quas ducimus porro facilis nobis veritatis error a.', 0, '2019-01-21 12:03:05', '2019-01-21 12:03:05'),
(132, 35, 'Jeffery Spinka', 'Natus placeat qui impedit voluptas. Ut aspernatur explicabo repellendus sit unde qui. Autem dolores officia explicabo qui perferendis tempore et voluptatem. Eum qui eligendi aut doloribus.', 1, '2019-01-21 12:03:05', '2019-01-21 12:03:05'),
(133, 25, 'Mohammed Swift', 'Quaerat eos sit vel. Enim illo ab voluptatem voluptates maxime et id. Voluptatum ut et repudiandae placeat est sunt dolorem. Eos aut ullam enim quia non neque.', 2, '2019-01-21 12:03:05', '2019-01-21 12:03:05'),
(134, 24, 'Prof. Mikayla Gutkowski', 'Consequatur quis nostrum rerum cum quod quia. Qui voluptas delectus dolorem dolorum culpa aut. Laboriosam autem fuga eos libero et dolorum nulla fugit. Voluptatibus dolor cum aliquid velit dolores eius.', 4, '2019-01-21 12:03:05', '2019-01-21 12:03:05'),
(135, 9, 'D\'angelo Kilback I', 'Et harum excepturi dolores ab. Aliquam molestias dolores consectetur et necessitatibus libero odio. Cupiditate exercitationem dolor et dignissimos minus nisi.', 1, '2019-01-21 12:03:05', '2019-01-21 12:03:05'),
(136, 34, 'Miss Maiya Corkery', 'Ipsa sunt ipsa voluptate repellendus voluptas esse unde recusandae. Ullam id quo labore quos. Aperiam qui doloribus itaque. Et sequi nam itaque ea.', 4, '2019-01-21 12:03:05', '2019-01-21 12:03:05'),
(137, 32, 'Samir Harber', 'Deleniti sapiente delectus ex accusamus enim asperiores error. Ea et autem incidunt magni deserunt officiis ex. Deleniti sit illo veniam est nam voluptas. Sapiente ipsum totam laboriosam voluptatem qui.', 2, '2019-01-21 12:03:05', '2019-01-21 12:03:05'),
(138, 42, 'Alexandrea Fadel MD', 'Aut esse saepe aliquam voluptatem dolor maiores. Vel qui qui rem odit. Occaecati praesentium totam enim sunt.', 3, '2019-01-21 12:03:05', '2019-01-21 12:03:05'),
(139, 22, 'Braeden Gaylord', 'Et voluptatem nemo non sunt qui deleniti nam. Explicabo maxime at rerum. Nobis qui enim aspernatur sunt. Omnis laborum explicabo animi dignissimos quibusdam id enim. Reiciendis et tenetur iusto impedit.', 2, '2019-01-21 12:03:05', '2019-01-21 12:03:05'),
(140, 19, 'Guido Balistreri', 'Voluptatem nisi rerum est assumenda quibusdam praesentium sed. Et ut iure at rerum. Inventore sed non dignissimos. Voluptatum nostrum cumque accusamus voluptatibus.', 3, '2019-01-21 12:03:05', '2019-01-21 12:03:05'),
(141, 27, 'Friedrich Stamm V', 'Hic odit quidem totam dicta aut. Quidem autem perspiciatis cupiditate. Quos quia ad omnis tempore nesciunt perferendis. Ipsum quam eos pariatur voluptas qui maiores.', 0, '2019-01-21 12:03:05', '2019-01-21 12:03:05'),
(142, 36, 'Nicholaus Howe', 'Labore qui eius voluptas pariatur omnis aut soluta culpa. Odio nobis nam inventore ut eligendi praesentium distinctio. Cupiditate ratione nesciunt similique sapiente aspernatur sequi deserunt nostrum. Repudiandae at sapiente eligendi dicta placeat cumque reprehenderit.', 4, '2019-01-21 12:03:05', '2019-01-21 12:03:05'),
(143, 20, 'Anika Carter', 'Autem molestiae totam et labore. Rerum et dignissimos magnam perferendis unde voluptas aut. Id veniam voluptates rerum est. Quidem non a optio maiores consequuntur aut numquam.', 4, '2019-01-21 12:03:05', '2019-01-21 12:03:05'),
(144, 10, 'Arnulfo Ratke', 'Iste officia eos iusto placeat quod voluptatem aut. Corporis et nesciunt eligendi illo incidunt qui alias. A minima ullam perspiciatis nisi enim voluptatem ea. Deleniti officia eum reiciendis distinctio cumque itaque possimus.', 5, '2019-01-21 12:03:05', '2019-01-21 12:03:05'),
(145, 48, 'Nicolas Lang', 'Non voluptate quia unde aut. Aut debitis eos dolor tempore et odio. Voluptas quas non tempora.', 4, '2019-01-21 12:03:05', '2019-01-21 12:03:05'),
(146, 32, 'Glenda Cole III', 'Ea exercitationem quas laborum eligendi et. Odit qui voluptate ab explicabo libero. Asperiores et cum corrupti sed. Corrupti rem sit et molestiae nihil.', 0, '2019-01-21 12:03:05', '2019-01-21 12:03:05'),
(147, 44, 'Malachi Cummings DDS', 'Ducimus voluptas amet est non. Harum nemo et nihil itaque voluptates corrupti. Ducimus fugiat itaque doloribus nemo.', 1, '2019-01-21 12:03:05', '2019-01-21 12:03:05'),
(148, 11, 'Prof. Allene Koepp III', 'Repellat corrupti est qui dolorem. Qui vitae et sit ea animi sed. Atque nihil nostrum unde nulla eos.', 2, '2019-01-21 12:03:05', '2019-01-21 12:03:05'),
(149, 9, 'Ollie Wyman', 'Ut placeat suscipit ut quidem voluptatibus ut iure. Nemo esse quas quia tempora error deserunt. Ab saepe eius assumenda numquam porro rerum.', 2, '2019-01-21 12:03:05', '2019-01-21 12:03:05'),
(150, 12, 'Dr. Jarvis Schmeler II', 'Eaque rerum repudiandae quam distinctio animi ratione. Quae quis aut totam impedit quibusdam modi officia. Recusandae sed velit aspernatur quia. Assumenda aperiam aut modi dolorem.', 4, '2019-01-21 12:03:05', '2019-01-21 12:03:05'),
(151, 17, 'Prof. Gregoria Lesch', 'Tenetur sit voluptas est nostrum laboriosam. Necessitatibus et velit et deleniti. Ea sapiente illum quaerat dicta. Aliquam maiores natus quod dolorem qui expedita non voluptatem.', 2, '2019-01-21 12:03:06', '2019-01-21 12:03:06'),
(152, 47, 'Clarabelle Ullrich', 'Minus occaecati assumenda vel explicabo perferendis aut optio. Suscipit rem est maiores quaerat nulla nobis. Aut eligendi laboriosam nihil.', 4, '2019-01-21 12:03:06', '2019-01-21 12:03:06'),
(153, 45, 'Miss Nella Schroeder I', 'Illo repellat deleniti qui et vel consequatur. Soluta ut doloremque et minima ut minima. A laboriosam laudantium non ut.', 4, '2019-01-21 12:03:06', '2019-01-21 12:03:06'),
(154, 42, 'Herta Bernhard', 'Quos maxime consequatur optio modi. Quia aut iure quisquam earum rem similique. Eveniet quis et fuga voluptatem dolorem. Alias qui excepturi recusandae quia porro odio quas.', 4, '2019-01-21 12:03:06', '2019-01-21 12:03:06'),
(155, 14, 'Kylee Nienow', 'Beatae voluptas quia et et mollitia molestias. Dolorum est id vel odit in alias. Dolor debitis ab autem et dolorem. Est quos cum maiores quaerat.', 3, '2019-01-21 12:03:06', '2019-01-21 12:03:06'),
(156, 46, 'Heber Kassulke', 'Illo perferendis id odit aliquam porro neque. Qui in inventore sit dolor qui. Eius consectetur dolores similique qui sed eos iste.', 5, '2019-01-21 12:03:06', '2019-01-21 12:03:06'),
(157, 13, 'Alana Runte', 'Quia sunt autem dolores quo. Nihil vero et vitae et. Voluptate dolor praesentium et numquam non. Sit earum ut voluptatem sunt illum molestias.', 3, '2019-01-21 12:03:06', '2019-01-21 12:03:06'),
(158, 14, 'Peyton Olson', 'Placeat ea maxime porro velit. Et quia aperiam quis corrupti. Nostrum consectetur voluptates consequatur ipsum corporis.', 4, '2019-01-21 12:03:06', '2019-01-21 12:03:06'),
(159, 5, 'Susan Graham', 'Quas porro dolorum fugiat enim iste et. Maiores rem excepturi minus sit. Tempora enim aliquam expedita suscipit sint. Veritatis veritatis sint ut et.', 5, '2019-01-21 12:03:06', '2019-01-21 12:03:06'),
(160, 1, 'Esmeralda Reichel', 'Voluptatibus qui consectetur sunt voluptatem libero amet. Dolor sed quasi sint sint. Optio est et nemo molestias. Enim pariatur doloremque dolores et unde labore. Qui voluptates reprehenderit numquam tempore perferendis consequatur alias.', 4, '2019-01-21 12:03:06', '2019-01-21 12:03:06'),
(161, 43, 'Sharon Reynolds', 'Architecto quia impedit accusantium et quisquam aspernatur. Deleniti voluptas voluptatem repellendus fugit amet illo. Autem dolor ratione quis earum placeat dolorum. Eos architecto minima voluptatibus ut.', 4, '2019-01-21 12:03:06', '2019-01-21 12:03:06'),
(162, 34, 'Alexandria Rath', 'Ducimus inventore optio deleniti id molestias omnis. Quae officia nulla facere veniam omnis dolorem vitae. Voluptatibus veniam amet eligendi cumque assumenda. Fugiat eaque omnis quis sed voluptas magni incidunt.', 1, '2019-01-21 12:03:06', '2019-01-21 12:03:06'),
(163, 3, 'Mr. Jimmy Ratke DVM', 'Est alias necessitatibus error voluptas consequatur molestias laborum. Modi ducimus dignissimos omnis qui eligendi ducimus. Ea illum est natus numquam et quia in odio.', 0, '2019-01-21 12:03:06', '2019-01-21 12:03:06'),
(164, 28, 'Dr. Jeremy Bergnaum', 'Qui tempore aperiam et dolore deleniti. Velit veritatis odit saepe asperiores et deserunt. Voluptas voluptatum eaque repellat ab qui. Sed consequatur voluptas facilis ut. Accusantium ut libero facilis ea unde esse quae iusto.', 4, '2019-01-21 12:03:06', '2019-01-21 12:03:06'),
(165, 16, 'Margaret Mills', 'Ducimus deleniti et tempora assumenda. Non facilis aut beatae in deleniti ratione non. Qui et impedit voluptatibus qui.', 1, '2019-01-21 12:03:06', '2019-01-21 12:03:06'),
(166, 48, 'Clotilde Goyette', 'Esse velit pariatur vitae in in tempore. Similique quidem iure aliquid aspernatur porro aliquam iusto. Ut deserunt eum doloribus expedita.', 2, '2019-01-21 12:03:06', '2019-01-21 12:03:06'),
(167, 23, 'Heather Koch', 'Ut accusantium minus qui nihil libero quae. Quo possimus tempora est reprehenderit quo quaerat cum. Qui quod aut id ratione et consequatur. Deleniti itaque et ut aperiam consequatur quam repellat.', 1, '2019-01-21 12:03:06', '2019-01-21 12:03:06'),
(168, 39, 'Denis Farrell', 'Sed neque repellendus architecto assumenda voluptas. Nostrum sint assumenda modi consequatur eaque. Iure non qui ipsa laboriosam id. Incidunt dolorum nesciunt iste nisi. Blanditiis possimus odio sint.', 2, '2019-01-21 12:03:06', '2019-01-21 12:03:06'),
(169, 10, 'Maye Torphy', 'Odio quod voluptatem quia. Sit officia odit delectus nihil laborum totam magnam. Doloribus ipsa sit quia quia molestias facilis.', 2, '2019-01-21 12:03:06', '2019-01-21 12:03:06'),
(170, 9, 'Lucienne Watsica', 'Vel velit aut itaque voluptatem. Hic nesciunt voluptatem eos ex laborum eaque. Ut odit itaque consectetur sequi laboriosam quo voluptas impedit.', 3, '2019-01-21 12:03:06', '2019-01-21 12:03:06'),
(171, 9, 'Dr. Consuelo Volkman DDS', 'Labore qui voluptate nesciunt cum aliquam ratione ipsa. Odio et nulla debitis quam iure. Odio et inventore accusamus enim natus molestiae molestiae. Deleniti sequi autem ut eaque corporis.', 4, '2019-01-21 12:03:06', '2019-01-21 12:03:06'),
(172, 40, 'Prof. Aryanna Daniel II', 'Molestiae explicabo earum eius. Consectetur molestiae qui animi quasi. Et quaerat earum nulla dolore minus vel ex inventore.', 0, '2019-01-21 12:03:06', '2019-01-21 12:03:06'),
(173, 3, 'Joyce Harber', 'Maxime voluptatem libero accusamus quibusdam et sit. Molestias distinctio rerum eum voluptate nam aliquam. Ipsum sed molestiae tempore ex ullam ad nobis. Sequi sequi id qui repudiandae ipsum ipsa ut.', 3, '2019-01-21 12:03:06', '2019-01-21 12:03:06'),
(174, 36, 'Yadira Schneider', 'Consequatur perferendis tempore sapiente laboriosam. Libero cum ut voluptas ipsum. Dolores totam reprehenderit voluptatibus tempore officiis.', 1, '2019-01-21 12:03:06', '2019-01-21 12:03:06'),
(175, 30, 'Tremayne Braun MD', 'Provident sunt voluptatem sed ratione. Nemo iusto ut quas temporibus dolores.', 0, '2019-01-21 12:03:06', '2019-01-21 12:03:06'),
(176, 43, 'Victoria O\'Conner', 'Harum ratione assumenda doloremque sunt veritatis qui aperiam provident. Aperiam id accusamus corporis dolorum est quia est. Illo fugit nihil vero culpa eum enim. Alias dolorem qui minima eos voluptas doloremque.', 2, '2019-01-21 12:03:06', '2019-01-21 12:03:06'),
(177, 32, 'Elton Skiles Jr.', 'Commodi fugiat itaque eos. Aliquam possimus quis non quam corporis ipsa dolores. Ducimus quaerat libero quis ducimus sit tempore.', 2, '2019-01-21 12:03:06', '2019-01-21 12:03:06'),
(178, 49, 'Pearlie Schowalter MD', 'Molestiae harum deleniti iusto et et aut. Omnis quis voluptate nobis labore repellat aut magni. Laudantium dolorum fuga ex repellendus eligendi alias.', 5, '2019-01-21 12:03:06', '2019-01-21 12:03:06'),
(179, 33, 'Adeline Leuschke', 'Velit harum voluptatem odio eos. Eos expedita ut iste nam. Odio recusandae optio ullam quis ea in qui qui.', 4, '2019-01-21 12:03:06', '2019-01-21 12:03:06'),
(180, 48, 'Layla Hilpert', 'Ex a dolore optio placeat molestiae. Nemo est amet dolorem. Odio quis et et velit ut.', 4, '2019-01-21 12:03:06', '2019-01-21 12:03:06'),
(181, 18, 'Mrs. Maegan Schiller', 'Illum ut officia occaecati nam. Omnis veritatis et facilis animi aspernatur sit provident. Molestias sed reprehenderit recusandae et accusamus dolor non. Optio eum sed quia qui.', 5, '2019-01-21 12:03:07', '2019-01-21 12:03:07'),
(182, 21, 'Dr. Gunnar Dickens', 'Minus quam reiciendis voluptatem qui expedita assumenda temporibus. Est quis autem eum recusandae doloremque eum. Et et et necessitatibus quia aut.', 0, '2019-01-21 12:03:07', '2019-01-21 12:03:07'),
(183, 29, 'Era Schaefer', 'Accusamus accusamus sequi expedita nostrum. Asperiores placeat distinctio doloribus deleniti et doloribus. Dolore qui qui voluptatum quas omnis. Omnis officia in velit sed et expedita itaque.', 0, '2019-01-21 12:03:07', '2019-01-21 12:03:07'),
(184, 35, 'Laurianne King', 'Hic sed error reiciendis est repellat suscipit. Necessitatibus quo autem ab omnis. Odit nemo labore fuga ad nostrum ut repudiandae quam.', 2, '2019-01-21 12:03:07', '2019-01-21 12:03:07'),
(185, 2, 'Cortney Kunde MD', 'Nam id eaque et maiores harum. Sed est enim sed alias inventore.', 2, '2019-01-21 12:03:07', '2019-01-21 12:03:07'),
(186, 6, 'Ethan Crist', 'Iure molestias ducimus voluptatem rem unde. Molestias eos natus ut porro dolore perferendis. Vel explicabo rerum aspernatur. Laboriosam eaque facere repellendus ea recusandae nulla.', 2, '2019-01-21 12:03:07', '2019-01-21 12:03:07'),
(187, 30, 'Prof. Guadalupe Marquardt MD', 'Totam iste quo dolorem sint nesciunt. Exercitationem voluptatem excepturi tempore. Aut in asperiores qui incidunt labore perspiciatis placeat adipisci. Enim et incidunt corporis voluptatem est quis.', 1, '2019-01-21 12:03:07', '2019-01-21 12:03:07'),
(188, 21, 'Orie Ratke', 'Laborum accusamus sit possimus est modi debitis. At veritatis sit molestias totam odit dolorem. Repellendus voluptatem quis aut quidem. Magni dolor vel tempora est corrupti id.', 4, '2019-01-21 12:03:07', '2019-01-21 12:03:07'),
(189, 18, 'Boyd Jacobson', 'Alias modi ipsa id rem aut et. Blanditiis rem quae aliquid. Quis nobis deserunt omnis sunt et sunt ut. Nostrum eveniet ut quaerat omnis voluptatem.', 0, '2019-01-21 12:03:07', '2019-01-21 12:03:07'),
(190, 25, 'Prof. Rex Dickinson III', 'Quasi officia molestias eveniet illum dolorum provident minima. Qui illum eligendi laboriosam consequatur qui. Omnis aliquam sit omnis aspernatur delectus recusandae.', 1, '2019-01-21 12:03:07', '2019-01-21 12:03:07'),
(191, 46, 'Dedric Rodriguez', 'Et unde cum illum. Ipsum odio et voluptatum repudiandae minima inventore et. Nisi aut aspernatur quo doloribus accusantium. Corrupti magnam vitae voluptatibus cum est provident.', 0, '2019-01-21 12:03:07', '2019-01-21 12:03:07'),
(192, 29, 'Wade Leffler', 'Omnis corrupti qui doloremque expedita. Laudantium non animi a voluptatum qui et. Qui repellendus qui est enim aliquam sint. Culpa itaque corporis animi facere cupiditate architecto.', 0, '2019-01-21 12:03:07', '2019-01-21 12:03:07'),
(193, 6, 'Reymundo Murphy', 'Et nostrum a beatae. Ullam eos cumque non rerum eligendi et quaerat. Quis illum ad dolore debitis id quae. Expedita in aspernatur tenetur molestiae.', 4, '2019-01-21 12:03:07', '2019-01-21 12:03:07'),
(194, 1, 'Derick Lind', 'Impedit est adipisci commodi non accusantium. Deserunt quia facilis quae aut expedita aliquid exercitationem. Sapiente provident vel expedita similique. Eos dolor amet iusto culpa eveniet maxime.', 3, '2019-01-21 12:03:07', '2019-01-21 12:03:07'),
(195, 42, 'Russ Huel Sr.', 'Esse voluptatem et quasi. Voluptate modi aspernatur omnis cum iste quaerat assumenda. Voluptatem nulla officia quae expedita et voluptates.', 1, '2019-01-21 12:03:07', '2019-01-21 12:03:07'),
(196, 47, 'Norwood Conroy', 'Eum fuga et laborum minima qui veritatis quo. Accusamus totam voluptate ea et et atque suscipit rem. Sit est tenetur at animi est unde possimus. At alias fuga voluptas iusto non.', 2, '2019-01-21 12:03:07', '2019-01-21 12:03:07'),
(197, 38, 'Dr. Shad Hickle MD', 'Excepturi et quam ut dolor sint eius modi culpa. Quos corrupti ab maxime officia alias sint natus. Fugiat quasi consectetur ut veritatis eos ut.', 4, '2019-01-21 12:03:07', '2019-01-21 12:03:07'),
(198, 24, 'Ms. Elisha Romaguera DVM', 'Id quam inventore aliquid aut eos. Sequi tempore aliquam consequatur reiciendis et explicabo id id. Eaque quis magni necessitatibus iure vero et. Aut beatae aut quas aut non ut voluptates. Et ducimus repellendus perspiciatis asperiores quia.', 4, '2019-01-21 12:03:08', '2019-01-21 12:03:08'),
(199, 44, 'Jocelyn Pfeffer V', 'Magnam voluptatem sit ut blanditiis. Amet ad tempore veritatis quae maiores quae non. Vel sunt quo veritatis et. Eum omnis placeat ab voluptates illum laborum dolorum.', 0, '2019-01-21 12:03:08', '2019-01-21 12:03:08'),
(200, 49, 'Dedric Cremin', 'Amet est sint voluptatum voluptatem. Accusamus dolorem velit est consequatur quia ea tempora. Quis minus odit optio repellendus consequatur earum.', 0, '2019-01-21 12:03:08', '2019-01-21 12:03:08'),
(201, 39, 'Libby Connelly', 'Soluta dolorem accusamus dolorem fuga. Est fugit est error adipisci quia dignissimos ut. Non fugit tempora beatae rem ullam ex id magni.', 2, '2019-01-21 12:03:08', '2019-01-21 12:03:08'),
(202, 4, 'Dr. Katharina Anderson', 'Ipsum itaque dicta laborum et. Expedita iste qui illo vel ipsum. Dignissimos atque voluptas doloremque magnam deserunt velit. Praesentium ut vero magnam et laudantium.', 3, '2019-01-21 12:03:08', '2019-01-21 12:03:08'),
(203, 49, 'Tyshawn Gaylord', 'Alias omnis harum iste excepturi dolore. Ut illo rem ut minus aut dolorum accusamus qui. Et voluptate quae omnis quisquam incidunt.', 1, '2019-01-21 12:03:08', '2019-01-21 12:03:08'),
(204, 35, 'Arturo Padberg', 'Tempora ea eos consequuntur qui. Reiciendis totam cum voluptatem aperiam aut sapiente quas. Dolorem et quaerat architecto laudantium animi assumenda.', 4, '2019-01-21 12:03:08', '2019-01-21 12:03:08'),
(205, 3, 'Eloisa Klocko', 'Iure necessitatibus ut cum consequuntur distinctio. Autem voluptatem beatae accusantium qui in. Et itaque minus et dolore.', 3, '2019-01-21 12:03:08', '2019-01-21 12:03:08'),
(206, 6, 'Taya Johns', 'Ut incidunt explicabo accusantium omnis blanditiis. Odio saepe quas dicta similique accusamus. Possimus vel sunt modi reiciendis voluptas.', 1, '2019-01-21 12:03:08', '2019-01-21 12:03:08'),
(207, 26, 'Shemar Block MD', 'Pariatur fuga provident assumenda nulla minima veniam. Ducimus dolorem aut libero nulla ea inventore. Harum adipisci sapiente minus saepe quasi deserunt quia.', 2, '2019-01-21 12:03:08', '2019-01-21 12:03:08'),
(208, 34, 'Savannah Kuhlman', 'Nesciunt non debitis laudantium illum et ipsam. Libero aut saepe aut qui officia iure nulla. Ratione deleniti praesentium et maiores quia sint. Consectetur commodi aut et qui quam dolorem.', 4, '2019-01-21 12:03:08', '2019-01-21 12:03:08'),
(209, 38, 'Kristofer Purdy', 'Occaecati soluta hic a accusantium unde magni necessitatibus animi. Et quae nemo fugit rem quia aut. Quaerat illum quia distinctio quod ea dignissimos.', 3, '2019-01-21 12:03:08', '2019-01-21 12:03:08'),
(210, 45, 'Rodger Hagenes', 'Omnis esse aut illo ut amet. Et provident animi enim sed reprehenderit omnis soluta magnam. Voluptatem est perspiciatis beatae ut non voluptatem esse. Et est quia facilis est totam quia. Vitae quae et dolor reprehenderit dolores consequatur.', 3, '2019-01-21 12:03:08', '2019-01-21 12:03:08');
INSERT INTO `reviews` (`id`, `product_id`, `customer`, `review`, `star`, `created_at`, `updated_at`) VALUES
(211, 36, 'Domenic Champlin', 'Mollitia repellat odit tenetur. Aspernatur id voluptas dolores laborum saepe. Iusto voluptate qui voluptatem quaerat dolor asperiores.', 5, '2019-01-21 12:03:08', '2019-01-21 12:03:08'),
(212, 45, 'Dr. Liliana Dietrich V', 'Aperiam qui omnis voluptatem eius. Quisquam maiores maiores ut animi. Doloremque facilis vel nemo.', 0, '2019-01-21 12:03:09', '2019-01-21 12:03:09'),
(213, 46, 'Norris Waters', 'Quis doloribus maxime deleniti est vel corporis asperiores officiis. Voluptatum alias voluptates corrupti. Unde voluptatem non earum.', 5, '2019-01-21 12:03:09', '2019-01-21 12:03:09'),
(214, 16, 'Cathrine Robel', 'Est quaerat facilis neque aliquid corporis consequuntur et. Exercitationem eligendi ea ea eveniet sint. Voluptas aliquid at esse dolorem molestiae quis. Dicta et voluptate quidem quibusdam.', 0, '2019-01-21 12:03:09', '2019-01-21 12:03:09'),
(215, 38, 'Nico Lockman', 'Libero quasi sunt est veniam alias dolor. Est eius impedit fuga. Deleniti aut temporibus consequatur et. Nesciunt ut excepturi voluptatem atque harum ad. Repellendus non at ullam sunt doloremque dolores commodi temporibus.', 2, '2019-01-21 12:03:09', '2019-01-21 12:03:09'),
(216, 25, 'Miss Samara Blanda', 'Sint adipisci aut accusamus maiores fugit voluptas. Sit veniam non quo illum enim sapiente itaque. Sapiente voluptates ea est esse iusto ab fuga. Aut voluptate dignissimos odit molestias dolorem veniam.', 3, '2019-01-21 12:03:09', '2019-01-21 12:03:09'),
(217, 24, 'Cary Schoen', 'Sunt aut quisquam non sit ratione possimus aut. Doloribus aspernatur molestiae ut quos officia et. Qui commodi provident tempora sunt cum.', 0, '2019-01-21 12:03:09', '2019-01-21 12:03:09'),
(218, 38, 'Prof. Marcel Nienow DVM', 'Dolorem quidem soluta est dolorum voluptatem doloribus aut et. Velit corporis neque sed perferendis similique. Quo deleniti debitis velit rem ut doloribus fuga. Quia molestiae consectetur ut et.', 3, '2019-01-21 12:03:09', '2019-01-21 12:03:09'),
(219, 49, 'Celestino Gleason III', 'Enim similique blanditiis mollitia error nostrum quos voluptas. Ut ut animi sint qui voluptate magnam in. Explicabo at ipsam alias dicta voluptatem ut.', 3, '2019-01-21 12:03:09', '2019-01-21 12:03:09'),
(220, 19, 'Stacey Rutherford', 'Ut voluptas quis voluptates et tempora sed aperiam. Sunt esse id facilis sunt similique optio. Ab est facilis temporibus qui exercitationem.', 4, '2019-01-21 12:03:09', '2019-01-21 12:03:09'),
(221, 25, 'Pearl Quigley', 'Fuga repellendus voluptas qui dolores. Eligendi nulla sint ut non numquam vero. Odio consectetur occaecati ut quo minus odit ad a. Eos nihil eos cupiditate tempore. Iure dignissimos est nostrum sunt fugiat.', 5, '2019-01-21 12:03:09', '2019-01-21 12:03:09'),
(222, 36, 'Shanelle O\'Kon', 'Tempora quia dolorem eum qui laboriosam adipisci possimus. Sint quisquam eius iusto officia voluptatem. Sequi quod sequi cumque voluptatem magnam est. Quia deserunt corporis quaerat eum est exercitationem.', 0, '2019-01-21 12:03:09', '2019-01-21 12:03:09'),
(223, 28, 'Miss Callie Rogahn', 'Architecto est sit quaerat aliquam et. Nihil amet eum est et. Facere et qui ex ut. Nihil illum in delectus reprehenderit. Sit at qui illo aut recusandae.', 2, '2019-01-21 12:03:09', '2019-01-21 12:03:09'),
(224, 48, 'Tito Nolan', 'Et vel repudiandae optio enim ipsum necessitatibus laboriosam. Totam repudiandae reprehenderit delectus ex atque architecto quia. Dolorem omnis pariatur velit officia eum quisquam aut excepturi. Qui officia non temporibus ducimus.', 3, '2019-01-21 12:03:09', '2019-01-21 12:03:09'),
(225, 25, 'Deontae Frami', 'Fugiat odit aut saepe autem. Ullam nemo facilis odit illo nam vel.', 2, '2019-01-21 12:03:09', '2019-01-21 12:03:09'),
(226, 12, 'Cydney Rowe', 'Quas omnis repellat harum veritatis consequatur excepturi. Voluptas velit sint qui reiciendis nostrum. Dolor dolor et fugiat blanditiis dolor doloremque in.', 0, '2019-01-21 12:03:09', '2019-01-21 12:03:09'),
(227, 17, 'Ebony Robel', 'Pariatur nemo quod eum quidem mollitia delectus eos. Sed quae officia voluptatibus error quasi aut aut officia. Corporis quasi atque quia id suscipit ut sint quis.', 5, '2019-01-21 12:03:09', '2019-01-21 12:03:09'),
(228, 47, 'Shanelle Franecki II', 'Dolores fuga sequi cumque nam nobis et. Autem debitis impedit officiis incidunt ullam non dolores. Libero magnam ut saepe quisquam sunt. Fugit blanditiis quia aut omnis aut dolorem ex.', 0, '2019-01-21 12:03:09', '2019-01-21 12:03:09'),
(229, 29, 'Mr. George Tillman III', 'Reprehenderit quam nihil quam consequatur ab cum. Voluptatem ut illum consequuntur illo est unde corrupti repudiandae. Quasi et non debitis exercitationem. Esse magnam fuga molestiae.', 0, '2019-01-21 12:03:09', '2019-01-21 12:03:09'),
(230, 48, 'Madeline Oberbrunner', 'Perferendis qui amet quia eius consequatur voluptas tempore. Ratione hic qui unde provident porro suscipit. Odio consequatur ut magni velit eaque sint. Ea omnis vel culpa fugit est quasi. Ipsa quae esse incidunt aliquam.', 1, '2019-01-21 12:03:09', '2019-01-21 12:03:09'),
(231, 44, 'Mrs. Maymie Goyette', 'Et omnis praesentium accusamus commodi reiciendis beatae. Nesciunt tenetur est iure laboriosam mollitia. Sit quisquam sequi officiis ea doloribus.', 2, '2019-01-21 12:03:09', '2019-01-21 12:03:09'),
(232, 1, 'Dr. Golda Bartell Jr.', 'Praesentium nihil eveniet quis quibusdam dicta dignissimos. Quis ad et velit sit. Asperiores consequatur libero temporibus molestias sed.', 2, '2019-01-21 12:03:09', '2019-01-21 12:03:09'),
(233, 2, 'Jany Goodwin', 'Quam quae officiis pariatur totam. A quasi porro id. Porro nam iusto ducimus veritatis quia repellat rem eaque.', 3, '2019-01-21 12:03:09', '2019-01-21 12:03:09'),
(234, 10, 'Mr. Peyton Lockman', 'Rerum sint iure non perspiciatis consequuntur in. Vitae ut modi qui ab consequatur fugit neque dolor. Dolores omnis illo tenetur ad possimus in alias.', 3, '2019-01-21 12:03:09', '2019-01-21 12:03:09'),
(235, 37, 'Dejon Connelly', 'Optio eligendi et distinctio velit ad fugiat maxime. Quia sed aut rerum itaque vel necessitatibus. Consequuntur et tempora quas explicabo aut adipisci non. Labore debitis quasi quos placeat beatae itaque aspernatur.', 2, '2019-01-21 12:03:09', '2019-01-21 12:03:09'),
(236, 37, 'Donnell Rau', 'Esse repellendus quaerat sed optio officia beatae eaque omnis. Et sint quia optio provident. Voluptatibus magnam non consequatur expedita nam quis. Voluptates atque doloremque libero similique.', 4, '2019-01-21 12:03:09', '2019-01-21 12:03:09'),
(237, 30, 'Araceli Bruen', 'Tempora tempora et consequatur sunt. Sed et atque vel quam ipsam. Cum possimus laudantium qui assumenda commodi praesentium necessitatibus. Quia commodi praesentium a non. Exercitationem eveniet veniam a quas rerum consequatur.', 3, '2019-01-21 12:03:09', '2019-01-21 12:03:09'),
(238, 16, 'Johnpaul Keebler', 'Illum sed soluta ipsam. Sunt ipsum sapiente totam voluptatem sed et sed. Alias eligendi est alias dignissimos dolores soluta autem. Architecto ipsam labore et laudantium et porro.', 1, '2019-01-21 12:03:09', '2019-01-21 12:03:09'),
(239, 45, 'Albin Dibbert', 'Eligendi est id temporibus fuga voluptatum vel asperiores quo. Impedit voluptatem dolorem vel fugit molestiae quis inventore ea. Numquam nostrum suscipit veniam in omnis libero ipsum numquam.', 5, '2019-01-21 12:03:10', '2019-01-21 12:03:10'),
(240, 31, 'Miller Hilpert', 'Aut aperiam illum et quis. Totam dignissimos est natus amet debitis. Laudantium temporibus voluptatem doloremque ducimus minima. Laboriosam perspiciatis delectus eveniet non in aliquam facilis.', 0, '2019-01-21 12:03:10', '2019-01-21 12:03:10'),
(241, 31, 'Ms. Sandy Bradtke', 'Commodi beatae architecto laborum sed. Aspernatur minus aliquam nemo libero officiis est. Fugit eos perspiciatis unde soluta nulla corrupti deleniti. Esse minus officiis recusandae omnis beatae.', 4, '2019-01-21 12:03:10', '2019-01-21 12:03:10'),
(242, 11, 'Duncan Witting', 'Possimus officia enim voluptatem et sequi nihil. Fuga officia consequatur quis similique facilis porro. Excepturi et minus dolorem et animi qui.', 2, '2019-01-21 12:03:10', '2019-01-21 12:03:10'),
(243, 29, 'Ernestina Prohaska', 'Ut quia laudantium sequi id sequi nihil et dolorum. Ut officia eum perspiciatis sunt sint ullam temporibus. Velit a odit est ea qui. Sint amet et enim iusto autem eum.', 4, '2019-01-21 12:03:10', '2019-01-21 12:03:10'),
(244, 17, 'Adan Champlin', 'Quae et at praesentium qui sint. Assumenda debitis et quia illo autem aperiam. Maiores eligendi delectus sed vitae sed ab labore. Quo mollitia amet odio dignissimos tempore officia.', 1, '2019-01-21 12:03:10', '2019-01-21 12:03:10'),
(245, 11, 'Monserrate Wuckert', 'Non non expedita asperiores repellat tempore excepturi laboriosam. Quia nemo fugiat rerum sit. Et nobis quam vel vel. Asperiores itaque dolorem molestiae aut.', 4, '2019-01-21 12:03:10', '2019-01-21 12:03:10'),
(246, 12, 'Dariana Stanton', 'Et officiis impedit aliquam incidunt adipisci sint voluptas mollitia. Nostrum quibusdam officiis magni consequatur asperiores tenetur. Maxime quis cum libero est ut vero quis. Asperiores qui dicta nam dolorum.', 3, '2019-01-21 12:03:10', '2019-01-21 12:03:10'),
(247, 4, 'Dr. Jasmin Schneider', 'Omnis iure illum quidem facilis eaque voluptate aliquam. Beatae est tempore blanditiis nobis quo. Perferendis perspiciatis aut voluptas.', 0, '2019-01-21 12:03:10', '2019-01-21 12:03:10'),
(248, 32, 'Darwin Rempel', 'Aspernatur porro excepturi facilis autem placeat repellendus quia. Quia eius non est est excepturi. Voluptatem id voluptas officia dolorem et eius sapiente. Est earum illum et voluptatem et non maxime.', 5, '2019-01-21 12:03:10', '2019-01-21 12:03:10'),
(249, 2, 'Benedict Thompson', 'Velit modi quis nam qui culpa delectus eaque. Impedit ea fuga veniam sint. Quae ut vel beatae et placeat est. Necessitatibus facilis voluptas et sit illo magnam adipisci.', 4, '2019-01-21 12:03:10', '2019-01-21 12:03:10'),
(250, 34, 'Mikel Kuhlman', 'Molestias qui neque quia. Aut qui omnis quo iusto vitae. Voluptatem nam voluptas molestiae at. Rerum est ducimus aut iusto in.', 1, '2019-01-21 12:03:10', '2019-01-21 12:03:10'),
(251, 18, 'Marjorie Hirthe', 'Nesciunt sed nobis harum. Earum ea voluptas pariatur libero sed corporis veritatis. Dolorem praesentium voluptatem ex reprehenderit. Pariatur qui consequatur incidunt et quia dolor animi.', 1, '2019-01-21 12:03:10', '2019-01-21 12:03:10'),
(252, 27, 'Tyra Raynor Sr.', 'Doloremque blanditiis ipsam non et molestias ab dignissimos. Officia eos eum nostrum nostrum praesentium explicabo. Enim odit est nulla fugit odio quis totam. Aut hic et similique odio aperiam.', 4, '2019-01-21 12:03:10', '2019-01-21 12:03:10'),
(253, 17, 'Prof. Olen Jacobi III', 'Veritatis incidunt aspernatur voluptas est voluptatem id maxime sed. Perferendis omnis dicta autem reiciendis voluptate. Magnam architecto nobis voluptas nemo.', 1, '2019-01-21 12:03:10', '2019-01-21 12:03:10'),
(254, 10, 'Mr. Erin Kilback PhD', 'Numquam et sint quam. Voluptas distinctio facilis minima minima et assumenda sint. Quae vel sint magni id consectetur qui. Fugiat ab similique adipisci.', 0, '2019-01-21 12:03:10', '2019-01-21 12:03:10'),
(255, 11, 'Mr. Jaren Larson', 'Dolores odit rerum voluptas eum mollitia. Fugiat aperiam laborum quod consectetur corrupti. Voluptatem tempora dignissimos nemo. Quis consequuntur ab dolores doloribus ipsum dolor ad.', 0, '2019-01-21 12:03:10', '2019-01-21 12:03:10'),
(256, 5, 'Mr. Fidel Beier', 'Totam molestiae eius qui sit. Blanditiis animi omnis eos nam. Beatae ullam nesciunt molestiae impedit eius excepturi nihil. Officiis at recusandae est laboriosam labore ut quae explicabo.', 3, '2019-01-21 12:03:11', '2019-01-21 12:03:11'),
(257, 42, 'Neva Homenick Sr.', 'Assumenda nobis voluptas optio recusandae itaque occaecati officia doloremque. Non voluptatem magnam id quaerat molestias aut. Debitis voluptas aut corrupti voluptas. Nisi cum nisi voluptatibus quas.', 3, '2019-01-21 12:03:11', '2019-01-21 12:03:11'),
(258, 46, 'Luther Rice', 'Velit ullam voluptatem vel aut praesentium cum. Rerum qui molestiae quia ut. Autem quo maxime est inventore.', 3, '2019-01-21 12:03:11', '2019-01-21 12:03:11'),
(259, 42, 'Delta Bednar', 'Mollitia saepe repudiandae dolor ut. Et nemo libero facilis quis natus earum. Nesciunt deserunt voluptate odit quia non. Molestias nam voluptas ducimus assumenda ad.', 0, '2019-01-21 12:03:11', '2019-01-21 12:03:11'),
(260, 44, 'Cale Altenwerth', 'Voluptatem mollitia commodi saepe harum. In maiores nihil ea. Ad dolore expedita id tempora minus sit expedita ipsa.', 5, '2019-01-21 12:03:11', '2019-01-21 12:03:11'),
(261, 30, 'Liliane Ondricka', 'Blanditiis iste dolore incidunt neque eveniet ad. Facilis aut et qui libero ut aut. Et dolorem neque labore.', 4, '2019-01-21 12:03:11', '2019-01-21 12:03:11'),
(262, 26, 'Natalia Schultz', 'Tempora laboriosam expedita atque nobis repudiandae minus expedita. Iure qui quod earum. Tempora natus quae provident magni hic nam. Iste omnis vel qui dolores ut est.', 2, '2019-01-21 12:03:11', '2019-01-21 12:03:11'),
(263, 42, 'Harvey Leannon', 'Ducimus cupiditate esse iure numquam molestias natus consequatur sunt. Aut architecto placeat deserunt impedit quo dolor maiores. Suscipit sapiente mollitia modi reiciendis quae asperiores in amet.', 2, '2019-01-21 12:03:11', '2019-01-21 12:03:11'),
(264, 11, 'Dr. Princess Russel III', 'Sunt odio voluptatum maxime. Nisi veritatis soluta quam ipsam.', 1, '2019-01-21 12:03:11', '2019-01-21 12:03:11'),
(265, 46, 'Justina Witting', 'Iure suscipit repudiandae et molestias. Architecto perferendis quo illum corrupti.', 5, '2019-01-21 12:03:11', '2019-01-21 12:03:11'),
(266, 43, 'Dayton Barton Jr.', 'Sit commodi maiores fuga quia est qui aut aut. Vel ab impedit officia ipsum aut. Facilis facilis sed voluptatem. Ratione consectetur nam illo praesentium dolorem error.', 5, '2019-01-21 12:03:11', '2019-01-21 12:03:11'),
(267, 6, 'Dr. Douglas Jaskolski', 'Blanditiis placeat laboriosam sint et et pariatur. Corrupti esse qui et tempora repudiandae.', 3, '2019-01-21 12:03:11', '2019-01-21 12:03:11'),
(268, 40, 'April O\'Connell', 'Velit voluptates odit officia earum voluptatum. Recusandae omnis perferendis inventore ut necessitatibus excepturi eaque omnis. Suscipit ratione commodi dolorum architecto voluptas. Minus ut amet quasi dolorum.', 3, '2019-01-21 12:03:11', '2019-01-21 12:03:11'),
(269, 19, 'Dudley Abernathy Jr.', 'Iusto a delectus aperiam. Quod necessitatibus et at distinctio nemo. Enim et nam doloribus rerum aperiam ut nesciunt. Itaque ea ut alias sed quisquam.', 0, '2019-01-21 12:03:11', '2019-01-21 12:03:11'),
(270, 44, 'Mac Runolfsson', 'Aut ipsum harum est cupiditate omnis sint. Repellat consectetur vitae eos vel est. Sequi maiores quisquam vitae expedita odit.', 3, '2019-01-21 12:03:11', '2019-01-21 12:03:11'),
(271, 46, 'Guy Howe', 'Eum consectetur est harum blanditiis quia. Dolores animi velit sunt corporis ut amet eveniet. Necessitatibus officiis debitis nam molestiae delectus eum. Molestiae soluta debitis odio molestiae.', 2, '2019-01-21 12:03:11', '2019-01-21 12:03:11'),
(272, 13, 'Mr. Hazel Buckridge DDS', 'In est vel voluptas reprehenderit veniam esse earum. Deleniti delectus sit debitis quis sunt voluptatum saepe. Dignissimos facilis quae ducimus autem eos reprehenderit ea. Qui ipsa quod itaque esse ducimus similique.', 0, '2019-01-21 12:03:11', '2019-01-21 12:03:11'),
(273, 17, 'Jennie Bode', 'Accusantium deleniti architecto in soluta. Sit et cum possimus vero beatae officia. Vero tempore ipsam maiores ex delectus praesentium modi. Vel corrupti et nihil eos.', 1, '2019-01-21 12:03:11', '2019-01-21 12:03:11'),
(274, 18, 'Euna Keebler MD', 'Itaque quia rerum autem et. Deserunt impedit expedita quaerat. Non dolor qui consectetur minima necessitatibus fugiat magni. Eos itaque impedit est sequi velit.', 2, '2019-01-21 12:03:11', '2019-01-21 12:03:11'),
(275, 38, 'Lesly Marquardt', 'Qui dolorum beatae error laborum recusandae odio. Totam voluptatem dolor enim non iusto ut. Non cum officiis autem ut perspiciatis aut.', 0, '2019-01-21 12:03:11', '2019-01-21 12:03:11'),
(276, 3, 'Dr. Kamren Herman', 'Itaque natus reprehenderit autem esse. Sint labore officia non molestiae repellendus molestias aut. Voluptates ut dolorum doloribus quisquam placeat maxime illum et.', 2, '2019-01-21 12:03:11', '2019-01-21 12:03:11'),
(277, 40, 'Cordia Spencer', 'Magni voluptatem dolores vel eligendi et ut. Ipsa distinctio corrupti corrupti est voluptatem rerum. Quo ad et id laboriosam. Quia placeat quia laboriosam quisquam nam.', 3, '2019-01-21 12:03:11', '2019-01-21 12:03:11'),
(278, 10, 'Sigurd Glover', 'Suscipit laborum quia numquam et. Placeat dicta molestias voluptatem at a maxime nulla. Qui officia sed unde cumque earum voluptas voluptates est.', 0, '2019-01-21 12:03:11', '2019-01-21 12:03:11'),
(279, 4, 'Laurine Stamm', 'Eveniet mollitia nisi vero voluptatem. In enim eum dolore. Voluptas aut doloremque recusandae consectetur recusandae ab. Ea saepe consequatur ipsum labore provident non non consectetur.', 3, '2019-01-21 12:03:11', '2019-01-21 12:03:11'),
(280, 4, 'Mallory Huels', 'Quibusdam ut eius similique voluptatem sequi velit est. Nihil tempore asperiores et ad reiciendis dolores. Omnis numquam sunt dignissimos.', 5, '2019-01-21 12:03:11', '2019-01-21 12:03:11'),
(281, 29, 'Janice Larson MD', 'Deleniti eligendi magni nisi qui doloribus voluptas. Rerum recusandae illo in possimus ab doloribus. Necessitatibus nostrum quia ea ut est alias. Minus illo asperiores voluptatum.', 5, '2019-01-21 12:03:12', '2019-01-21 12:03:12'),
(282, 45, 'Prof. Marc Reichel', 'Rem eum ex excepturi labore reprehenderit corporis. Eos incidunt animi sunt velit quisquam molestias ullam. Sint beatae voluptates voluptas tempora a blanditiis ipsum.', 3, '2019-01-21 12:03:12', '2019-01-21 12:03:12'),
(283, 44, 'Prof. June Hagenes DDS', 'Id aut ipsam voluptatem eaque et repudiandae nihil unde. Repellendus doloribus iusto labore quas est rerum id. Vitae nihil magni non.', 1, '2019-01-21 12:03:12', '2019-01-21 12:03:12'),
(284, 48, 'Eino Reynolds', 'Doloremque iusto aut sint. Soluta numquam necessitatibus et delectus occaecati. Impedit non quisquam qui.', 2, '2019-01-21 12:03:12', '2019-01-21 12:03:12'),
(285, 15, 'Elinore Padberg', 'Hic qui qui provident dignissimos molestiae et delectus. Id inventore quaerat omnis dolorum adipisci sed. Minus consequatur vel voluptate sed quia voluptatem tempore. Nisi ut quasi aut pariatur voluptatem quis.', 3, '2019-01-21 12:03:12', '2019-01-21 12:03:12'),
(286, 1, 'Araceli Rodriguez', 'Enim saepe explicabo eveniet est eum pariatur. Ipsam nesciunt non cum nulla quo velit quisquam. Velit hic et a voluptatem in.', 1, '2019-01-21 12:03:12', '2019-01-21 12:03:12'),
(287, 34, 'Hulda Collier', 'Quis et nihil ea inventore. Est tempore voluptas fugit iure nihil nostrum. Quam ipsum repellat corporis voluptates. Harum id vel ut qui voluptate.', 5, '2019-01-21 12:03:12', '2019-01-21 12:03:12'),
(288, 12, 'Mrs. Thalia Koelpin Sr.', 'Eius eaque porro magnam optio alias sed. Eos et temporibus numquam ut mollitia consectetur. Adipisci qui incidunt voluptatem et quos praesentium.', 2, '2019-01-21 12:03:12', '2019-01-21 12:03:12'),
(289, 32, 'Harrison Kassulke', 'Magni voluptas nobis consequatur iste dolor ducimus eius. Quaerat quam dolorem rerum. Sit voluptatem libero atque odit.', 3, '2019-01-21 12:03:12', '2019-01-21 12:03:12'),
(290, 10, 'Ms. Henriette Kihn', 'Praesentium corporis magni illum quia exercitationem. Et sit quia esse nisi architecto rem. Vel vel vel delectus asperiores non atque eligendi.', 3, '2019-01-21 12:03:12', '2019-01-21 12:03:12'),
(291, 47, 'Kelsie Dach', 'Veritatis sit enim odit. Qui ut aperiam ut est quas distinctio libero esse. Officia labore aspernatur omnis expedita. Accusantium qui saepe pariatur occaecati quo esse.', 0, '2019-01-21 12:03:12', '2019-01-21 12:03:12'),
(292, 23, 'Dr. Sasha Frami', 'Unde inventore consequuntur asperiores qui aut et quaerat. Voluptatem minima at corporis cupiditate officia omnis id.', 5, '2019-01-21 12:03:12', '2019-01-21 12:03:12'),
(293, 15, 'Kolby Ortiz', 'Temporibus ut facere dolore occaecati. Quas ut et veritatis laudantium inventore sit modi. Sit consequatur nesciunt nesciunt officia omnis. Ea sed laboriosam sit libero tempora fugiat.', 4, '2019-01-21 12:03:12', '2019-01-21 12:03:12'),
(294, 49, 'Emie West', 'Temporibus corrupti eius aliquid aut quos. Explicabo aut excepturi est aut sunt. Maxime quae alias eos quam quasi.', 1, '2019-01-21 12:03:12', '2019-01-21 12:03:12'),
(295, 4, 'Prof. Dock Aufderhar', 'Recusandae eaque sunt corporis. Rem earum voluptatem illum quis. Facilis dolores autem et autem in eos pariatur in.', 2, '2019-01-21 12:03:12', '2019-01-21 12:03:12'),
(296, 4, 'Miss Helga Armstrong IV', 'Consequatur non nisi eius sed perspiciatis distinctio. Quis natus nobis tempora magni. Labore eius accusamus voluptas tempore dolorem. Ipsa iusto sapiente necessitatibus aut corrupti consequatur et minima. Enim vel eaque unde sit.', 4, '2019-01-21 12:03:12', '2019-01-21 12:03:12'),
(297, 32, 'Prof. Joan Kilback', 'Dolore et inventore error sunt. A officiis eligendi beatae sed enim pariatur ad. Quidem ipsum esse amet maxime. Inventore inventore velit excepturi ut illum autem delectus.', 1, '2019-01-21 12:03:12', '2019-01-21 12:03:12'),
(298, 50, 'Mrs. Lavina Hyatt V', 'Dolores facilis culpa excepturi sapiente doloremque dolore quisquam. Qui dolorem facere veritatis ad dicta. In ad qui qui eius laboriosam ullam. Perspiciatis magnam eius qui illo aliquid natus.', 2, '2019-01-21 12:03:12', '2019-01-21 12:03:12'),
(299, 43, 'Norwood Lowe', 'Non distinctio neque aut quidem deleniti. Architecto earum voluptatem tempora et. Magnam doloribus fugiat neque placeat culpa rem. Ipsa quasi molestias doloremque reiciendis est aperiam laboriosam.', 0, '2019-01-21 12:03:12', '2019-01-21 12:03:12'),
(300, 37, 'Otha Kiehn', 'Omnis quae sed in repellendus. Corrupti quia fuga excepturi maiores numquam et recusandae. Et aut illum consequuntur. Esse est ducimus earum aut earum.', 3, '2019-01-21 12:03:12', '2019-01-21 12:03:12');

-- --------------------------------------------------------

--
-- Table structure for table `users`
--

CREATE TABLE `users` (
  `id` int(10) UNSIGNED NOT NULL,
  `name` varchar(191) COLLATE utf8mb4_unicode_ci NOT NULL,
  `email` varchar(191) COLLATE utf8mb4_unicode_ci NOT NULL,
  `email_verified_at` timestamp NULL DEFAULT NULL,
  `password` varchar(191) COLLATE utf8mb4_unicode_ci NOT NULL,
  `remember_token` varchar(100) COLLATE utf8mb4_unicode_ci DEFAULT NULL,
  `created_at` timestamp NULL DEFAULT NULL,
  `updated_at` timestamp NULL DEFAULT NULL
) ENGINE=InnoDB DEFAULT CHARSET=utf8mb4 COLLATE=utf8mb4_unicode_ci;

--
-- Indexes for dumped tables
--

--
-- Indexes for table `migrations`
--
ALTER TABLE `migrations`
  ADD PRIMARY KEY (`id`);

--
-- Indexes for table `password_resets`
--
ALTER TABLE `password_resets`
  ADD KEY `password_resets_email_index` (`email`);

--
-- Indexes for table `products`
--
ALTER TABLE `products`
  ADD PRIMARY KEY (`id`);

--
-- Indexes for table `reviews`
--
ALTER TABLE `reviews`
  ADD PRIMARY KEY (`id`),
  ADD KEY `reviews_product_id_index` (`product_id`);

--
-- Indexes for table `users`
--
ALTER TABLE `users`
  ADD PRIMARY KEY (`id`),
  ADD UNIQUE KEY `users_email_unique` (`email`);

--
-- AUTO_INCREMENT for dumped tables
--

--
-- AUTO_INCREMENT for table `migrations`
--
ALTER TABLE `migrations`
  MODIFY `id` int(10) UNSIGNED NOT NULL AUTO_INCREMENT, AUTO_INCREMENT=5;

--
-- AUTO_INCREMENT for table `products`
--
ALTER TABLE `products`
  MODIFY `id` int(10) UNSIGNED NOT NULL AUTO_INCREMENT, AUTO_INCREMENT=51;

--
-- AUTO_INCREMENT for table `reviews`
--
ALTER TABLE `reviews`
  MODIFY `id` int(10) UNSIGNED NOT NULL AUTO_INCREMENT, AUTO_INCREMENT=301;

--
-- AUTO_INCREMENT for table `users`
--
ALTER TABLE `users`
  MODIFY `id` int(10) UNSIGNED NOT NULL AUTO_INCREMENT;

--
-- Constraints for dumped tables
--

--
-- Constraints for table `reviews`
--
ALTER TABLE `reviews`
  ADD CONSTRAINT `reviews_product_id_foreign` FOREIGN KEY (`product_id`) REFERENCES `products` (`id`) ON DELETE CASCADE;
COMMIT;

/*!40101 SET CHARACTER_SET_CLIENT=@OLD_CHARACTER_SET_CLIENT */;
/*!40101 SET CHARACTER_SET_RESULTS=@OLD_CHARACTER_SET_RESULTS */;
/*!40101 SET COLLATION_CONNECTION=@OLD_COLLATION_CONNECTION */;
